omega,Re_G,Im_G
6.283199999999999896e-01,5.681039700330386966e-01,-1.477953656969110408e-01
6.378637970635495646e-01,5.670730750470993620e-01,-1.500091313227397416e-01
6.475525585757720970e-01,5.659898165920675961e-01,-1.522196872967221670e-01
6.573884864581083232e-01,5.648658056854943821e-01,-1.544291858391102501e-01
6.673738160778406314e-01,5.637109232051115137e-01,-1.566395195940999407e-01
6.775108167561153527e-01,5.625333015251643420e-01,-1.588523161030926667e-01
6.878017922836809905e-01,5.613393340832220080e-01,-1.610689393231330424e-01
6.982490814444607397e-01,5.601337121512086625e-01,-1.632904976407013875e-01
7.088550585470769771e-01,5.589194875977582244e-01,-1.655178576766928866e-01
7.196221339644500725e-01,5.576981599512667032e-01,-1.677516630541178999e-01
7.305527546815929751e-01,5.564697856402280873e-01,-1.699923572031027397e-01
7.416494048517263682e-01,5.552331068830987926e-01,-1.722402092162713116e-01
7.529146063608413986e-01,5.539856973483798797e-01,-1.744953417391314765e-01
7.643509194008373253e-01,5.527241214137290637e-01,-1.767577598830500918e-01
7.759609430513643158e-01,5.514441036209053459e-01,-1.790273801871950232e-01
7.877473158705053935e-01,5.501407047637151271e-01,-1.813040587189609643e-01
7.997127164944295430e-01,5.488085009631373801e-01,-1.835876174954297058e-01
8.118598642461528625e-01,5.474417620704573606e-01,-1.858778685196081082e-01
8.241915197535474302e-01,5.460346258143725651e-01,-1.881746348536642577e-01
8.367104855767368843e-01,5.445812642508814916e-01,-1.904777682898057822e-01
8.494196068450211579e-01,5.430760392980632512e-01,-1.927871633224157721e-01
8.623217719034770301e-01,5.415136444277133254e-01,-1.951027672670541391e-01
8.754199129693785997e-01,5.398892299435237296e-01,-1.974245865078940176e-01
8.887170067985897814e-01,5.381985096813985958e-01,-1.997526889786697957e-01
9.022160753620779294e-01,5.364378474320179446e-01,-2.020872030916872619e-01
9.159201865327041281e-01,5.346043218732344782e-01,-2.044283134193505269e-01
9.298324547824440289e-01,5.326957693196803234e-01,-2.067762535010681524e-01
9.439560418902008809e-01,5.307108041307385671e-01,-2.091312961974363116e-01
9.582941576603682954e-01,5.286488171411429793e-01,-2.114937420357212161e-01
9.728500606523082794e-01,5.265099529992463001e-01,-2.138639059971247647e-01
9.876270589209095174e-01,5.242950677860375164e-01,-2.162421031788215597e-01
1.002628510768394099e+00,5.220056687389207362e-01,-2.186286337332523366e-01
1.017857825507543668e+00,5.196438383081317669e-01,-2.210237674419294196e-01
1.033318464236519185e+00,5.172121451119592317e-01,-2.234277282284607979e-01
1.049013940625448393e+00,5.147135446356093658e-01,-2.258406788564612799e-01
1.064947821714962828e+00,5.121512727150774325e-01,-2.282627060018859455e-01
1.081123728726862465e+00,5.095287349648500719e-01,-2.306938058339323971e-01
1.097545337887094963e+00,5.068493953483318437e-01,-2.331338701926454204e-01
1.114216381261234456e+00,5.041166670392079885e-01,-2.355826734167906500e-01
1.131140647602652427e+00,5.013338085921186238e-01,-2.380398598509033958e-01
1.148321983213570263e+00,4.985038282357862616e-01,-2.405049320536914725e-01
1.165764292819190029e+00,4.956293988192495559e-01,-2.429772397351003255e-01
1.183471540455106163e+00,4.927127855965808267e-01,-2.454559694685811144e-01
1.201447750368191514e+00,4.897557886374528935e-01,-2.479401352581293572e-01
1.219697007931172639e+00,4.867597012046080973e-01,-2.504285700800136238e-01
1.238223460571091339e+00,4.837252849659201548e-01,-2.529199185667818095e-01
1.257031318711874013e+00,4.806527624145637834e-01,-2.554126310504404862e-01
1.276124856731214674e+00,4.775418263721714074e-01,-2.579049592291552950e-01
1.295508413931994562e+00,4.743916659630132426e-01,-2.603949537626931710e-01
1.315186395528454844e+00,4.712010079804011542e-01,-2.628804641302586731e-01
1.335163273647350879e+00,4.679681721395572147e-01,-2.653591411013539458e-01
1.355443588344312555e+00,4.646911383282145147e-01,-2.678284421641113910e-01
1.376031948635640934e+00,4.613676236463962188e-01,-2.702856402338206232e-01
1.396933033545781244e+00,4.579951667714846075e-01,-2.727278359166578348e-01
1.418151593170700941e+00,4.545712170050753564e-01,-2.751519735354492346e-01
1.439692449757425496e+00,4.510932252585794222e-01,-2.775548610342017941e-01
1.461560498799966412e+00,4.475587342156872039e-01,-2.799331937682792981e-01
1.483760710151900586e+00,4.439654649741148207e-01,-2.822835820614623681e-01
1.506298129155844157e+00,4.403113976093409043e-01,-2.846025822742280775e-01
1.529177877790087514e+00,4.365948433261726547e-01,-2.868867309823947553e-01
1.552405155832642158e+00,4.328145061442799646e-01,-2.891325817237402340e-01
1.575985242042972745e+00,4.289695324098694029e-01,-2.913367436283516576e-01
1.599923495361675219e+00,4.250595468218728024e-01,-2.934959211262261336e-01
1.624225356128381259e+00,4.210846740845888836e-01,-2.956069538160098764e-01
1.648896347318158373e+00,4.170455457535963140e-01,-2.976668554984165938e-01
1.673942075796692519e+00,4.129432923042132830e-01,-2.996728513243814840e-01
1.699368233594535482e+00,4.087795209022997978e-01,-3.016224119911912194e-01
1.725180599200705656e+00,4.045562798020155837e-01,-3.035132839372599034e-01
1.751385038875941991e+00,4.002760106921182670e-01,-3.053435145438440634e-01
1.777987507985899995e+00,3.959414906802807832e-01,-3.071114714488528130e-01
1.804994052354603307e+00,3.915557659043213956e-01,-3.088158552076973873e-01
1.832410809638449489e+00,3.871220790054620831e-01,-3.104557047047875606e-01
1.860244010721088914e+00,3.826437928635190167e-01,-3.120303949103329089e-01
1.888499981129488470e+00,3.781243130908609751e-01,-3.135396267997614950e-01
1.917185142471506953e+00,3.735670117931973455e-01,-3.149834094810464169e-01
1.946306013895304332e+00,3.689751550434716698e-01,-3.163620348210268718e-01
1.975869213570920380e+00,3.643518363707556329e-01,-3.176760450990542273e-01
2.005881460194354204e+00,3.596999183565317004e-01,-3.189261944525180192e-01
2.036349574514495941e+00,3.550219841471256577e-01,-3.201134050869949843e-01
2.067280480883244564e+00,3.503203003676195193e-01,-3.212387194195853168e-01
2.098681208829174416e+00,3.455967925322279699e-01,-3.223032494722766761e-01
2.130558894655107949e+00,3.408530336446074505e-01,-3.233081249547617997e-01
2.162920783059947283e+00,3.360902462453280726e-01,-3.242544415440400951e-01
2.195774228785147830e+00,3.313093177294605951e-01,-3.251432108989697478e-01
2.229126698286194586e+00,3.265108283258993938e-01,-3.259753139164799363e-01
2.262985771429471438e+00,3.216950907259658043e-01,-3.267514586726876780e-01
2.297359143214903643e+00,3.168621999700720338e-01,-3.274721443654216579e-01
2.332254625524766922e+00,3.120120918792562148e-01,-3.281376324123719268e-01
2.367680148899056203e+00,3.071446080430186298e-01,-3.287479256590112309e-01
2.403643764337825228e+00,3.022595651675671902e-01,-3.293027564116087769e-01
2.440153645130902493e+00,2.973568264567438280e-01,-3.298015837512622839e-01
2.477218088715397837e+00,2.924363726276524300e-01,-3.302436003049050717e-01
2.514845518561422466e+00,2.874983701880351461e-01,-3.306277483651861582e-01
2.553044486086453180e+00,2.825432346821916130e-01,-3.309527449616757044e-01
2.591823672598776884e+00,2.775716867824029044e-01,-3.312171152134080754e-01
2.631191891270451055e+00,2.725847993280109960e-01,-3.314192330296546474e-01
2.671158089140234448e+00,2.675840337031067384e-01,-3.315573679977446564e-01
2.711731349146940584e+00,2.625712642828330057e-01,-3.316297371012094097e-01
2.752920892193674085e+00,2.575487900556069909e-01,-3.316345597430474523e-01
2.794736079243429483e+00,2.525193329317058089e-01,-3.315701144528249711e-01
2.837186413446509903e+00,2.474860226629328475e-01,-3.314347955718002781e-01
2.880281542300268782e+00,2.424523687228070934e-01,-3.312271682146767371e-01
2.924031259841651131e+00,2.374222199000766698e-01,-3.309460198287810240e-01
2.968445508873042371e+00,2.323997127261320794e-01,-3.305904067680656699e-01
3.013534383221923907e+00,2.273892102245093083e-01,-3.301596944282098045e-01
3.059308130034852802e+00,2.223952327392262340e-01,-3.296535896725338866e-01
3.105777152106281136e+00,2.174223828549065873e-01,-3.290721644907432242e-01
3.152952010242758174e+00,2.124752665884498959e-01,-3.284158700891856020e-01
3.200843425663033592e+00,2.075584131402732901e-01,-3.276855408805030012e-01
3.249462282434623095e+00,2.026761955268649718e-01,-3.268823881427277978e-01
3.298819629947378651e+00,1.978327543821718770e-01,-3.260079834141753619e-01
3.348926685424637562e+00,1.930319271043654250e-01,-3.250642319975709515e-01
3.399794836472508575e+00,1.882771843522811350e-01,-3.240533372457477523e-01
3.451435643667882136e+00,1.835715756694135670e-01,-3.229777565757808722e-01
3.503860843185752749e+00,1.789176857203361726e-01,-3.218401504176149897e-01
3.557082349466441418e+00,1.743176023010456488e-01,-3.206433255187032261e-01
3.611112257923345226e+00,1.697728969342224836e-01,-3.193901742157997381e-01
3.665962847691801585e+00,1.652846184624236492e-01,-3.180836114140573878e-01
3.721646584419715964e+00,1.608532996973706941e-01,-3.167265110998476740e-01
3.778176123100569939e+00,1.564789767628431694e-01,-3.153216442479421233e-01
3.835564310949469036e+00,1.521612204412886027e-01,-3.138716199570534826e-01
3.893824190322869416e+00,1.478991784636534967e-01,-3.123788315611860655e-01
3.952969001682657524e+00,1.436916274062107202e-01,-3.108454093370211502e-01
4.013012186605246612e+00,1.395370325811267076e-01,-3.092731812312243811e-01
4.073967390836389590e+00,1.354336141200330745e-01,-3.076636427973671872e-01
4.135848467392381878e+00,1.313794172998735132e-01,-3.060179372580349999e-01
4.198669479708376784e+00,1.273723850769742372e-01,-3.043368462915822525e-01
4.262444704834515541e+00,1.234104307819804680e-01,-3.026207918146084919e-01
4.327188636680616263e+00,1.194915089559527299e-01,-3.008698486784880388e-01
4.392915989310131941e+00,1.156136824326021717e-01,-2.990837678494610019e-01
4.459641700284154631e+00,1.117751839073470727e-01,-2.972620092999115338e-01
4.527380934056206563e+00,1.079744704583600196e-01,-2.954037835145720825e-01
4.596149085418595348e+00,1.042102697050786564e-01,-2.935081002304691378e-01
4.665961783001122853e+00,1.004816166043845799e-01,-2.915738227765957147e-01
4.736834892822933796e+00,9.678788015343985085e-02,-2.895997261907526377e-01
4.808784521898314956e+00,9.312877960286000678e-02,-2.875845571535155520e-01
4.881827021897257701e+00,8.950439008420398024e-02,-2.855270937125146680e-01
4.955978992861638233e+00,8.591513788533934604e-02,-2.834262027760917069e-01
5.031257286977830923e+00,8.236178587695307252e-02,-2.812808934290208507e-01
5.107679012406628694e+00,7.884540987522342670e-02,-2.790903642740628632e-01
5.185261537171334645e+00,7.536736694737844466e-02,-2.768540432138872909e-01
5.264022493104921985e+00,7.192925687012204083e-02,-2.745716183696695345e-01
5.343979779857139789e+00,6.853287809344160708e-02,-2.722430591636909036e-01
5.425151568962483850e+00,6.518017966592644374e-02,-2.698686269513517755e-01
5.507556307969956322e+00,6.187321063495830609e-02,-2.674488750071064569e-01
5.591212724635568954e+00,5.861406843261446342e-02,-2.649846380598215312e-01
5.676139831178504735e+00,5.540484772182514839e-02,-2.624770119976642113e-01
5.762356928601948702e+00,5.224759110418022989e-02,-2.599273247378908192e-01
5.849883611079533807e+00,4.914424293606135807e-02,-2.573370996280012202e-01
5.938739770408422380e+00,4.609660738554889614e-02,-2.547080130315977353e-01
6.028945600530030369e+00,4.310631164860032755e-02,-2.520418480038864040e-01
6.120521602119409543e+00,4.017477504961784740e-02,-2.493404461296266084e-01
6.213488587244345496e+00,3.730318455743649592e-02,-2.466056596635504139e-01
6.307867684095219474e+00,3.449247700613794487e-02,-2.438393061225719860e-01
6.403680341786724739e+00,3.174332810974033608e-02,-2.410431273721078960e-01
6.500948335232507702e+00,2.905614815752629795e-02,-2.382187550657796637e-01
6.599693770093851164e+00,2.643108409531367067e-02,-2.353676840208286658e-01
6.699939087803533866e+00,2.386802751465521427e-02,-2.324912547801347151e-01
6.801707070665996113e+00,2.136662796053699284e-02,-2.295906462041784613e-01
6.905020847034958109e+00,1.892631083216964744e-02,-2.266668784723369634e-01
7.009903896569718462e+00,1.654629909787566980e-02,-2.237208264333232499e-01
7.116380055571256413e+00,1.422563796847150890e-02,-2.207532427255106955e-01
7.224473522399406988e+00,1.196322168971122174e-02,-2.177647896548462747e-01
7.334208862972310783e+00,9.757821598397648996e-03,-2.147560783661734418e-01
7.445611016349402256e+00,7.608114634851943607e-03,-2.117277134903447489e-01
7.558705300399197746e+00,5.512711573822261409e-03,-2.086803411325603985e-01
7.673517417553173736e+00,3.470184301474537464e-03,-2.056146978698099592e-01
7.790073460647047199e+00,1.479091569838294259e-03,-2.025316583129623538e-01
7.908399918850762766e+00,-4.619972440846418366e-04,-1.994322787855388746e-01
8.028523683688590040e+00,-2.354480738844215784e-03,-1.963178347914575905e-01
8.150472055150622452e+00,-4.199706695653553958e-03,-1.931898501488244491e-01
8.274272747897136071e+00,-5.998956061231342646e-03,-1.900501160207484219e-01
8.399953897557164595e+00,-7.753429752579428513e-03,-1.869006984415726991e-01
8.527544067122763138e+00,-9.464238265809049935e-03,-1.837439334831164062e-01
8.657072253440396992e+00,-1.113239400265624533e-02,-1.805824096912853616e-01
8.788567893800919961e+00,-1.275880614862419035e-02,-1.774189380414540607e-01
8.922060872629641537e+00,-1.434427794238269521e-02,-1.742565102150961664e-01
9.057581528278058514e+00,-1.588950609026086244e-02,-1.710982465564168109e-01
9.195160659918688140e+00,-1.739508213315368521e-02,-1.679473355924137878e-01
9.334829534544672569e+00,-1.886149551908700497e-02,-1.648069674238957505e-01
9.476619894075680506e+00,-2.028913817070917419e-02,-1.616802636321523767e-01
9.620563962571756278e+00,-2.167831035981760898e-02,-1.585702065823268447e-01
9.766694453556736377e+00,-2.302922768920881436e-02,-1.554795711008106485e-01
9.915044577452905017e+00,-2.434202904311472820e-02,-1.524108614686059404e-01
1.006564804912858335e+01,-2.561678534847766989e-02,-1.493662564763871270e-01
1.021853909556033280e+01,-2.685350902882362167e-02,-1.463475650133059525e-01
1.037375246361160386e+01,-2.805216401971747167e-02,-1.433561941940611484e-01
1.053132342792947718e+01,-2.921267622926246310e-02,-1.403931315004219582e-01
1.069128779896137793e+01,-3.033494430072161338e-02,-1.374589417832559057e-01
1.085368193109355595e+01,-3.141885051409191998e-02,-1.345537792996263637e-01
1.101854273091318959e+01,-3.246427165517944829e-02,-1.316774142232916556e-01
1.118590766559596794e+01,-3.347108960527874627e-02,-1.288292723855936073e-01
1.135581477142110707e+01,-3.443920140665605173e-02,-1.260084863468539651e-01
1.152830266241566548e+01,-3.536852847001308725e-02,-1.232139552786771924e-01
1.170341053913019458e+01,-3.625902459889771695e-02,-1.204444106966052891e-01
1.188117819754766558e+01,-3.711068242041030973e-02,-1.176984847178363519e-01
1.206164603812772818e+01,-3.792353782063773160e-02,-1.149747773208328744e-01
1.224485507498833670e+01,-3.869767195717529334e-02,-1.122719190876616119e-01
1.243084694522685041e+01,-3.943321041370337343e-02,-1.095886260604268525e-01
1.261966391838270951e+01,-4.013031911040328137e-02,-1.069237436721153789e-01
1.281134890604384324e+01,-4.078919660264414965e-02,-1.042762772638245461e-01
1.300594547159900216e+01,-4.141006248571663800e-02,-1.016454073166306177e-01
1.320349784013817285e+01,-4.199314172188044897e-02,-9.903048837007825955e-02
1.340405090850348557e+01,-4.253864480793428243e-02,-9.643103144606988975e-02
1.360765025549267015e+01,-4.304674385130308201e-02,-9.384667078038522181e-02
1.381434215221755579e+01,-4.351754479950210169e-02,-9.127711658184989307e-02
1.402417357261990283e+01,-4.395105620258026036e-02,-8.872209650382470447e-02
1.423719220414695741e+01,-4.434715510486732931e-02,-8.618128931094093392e-02
1.445344645858916444e+01,-4.470555086841134645e-02,-8.365425498240679214e-02
1.467298548308250261e+01,-4.502574784473818009e-02,-8.114036599357479784e-02
1.489585917127792491e+01,-4.530700805893476263e-02,-7.863874489914807198e-02
1.512211817468047315e+01,-4.554831521250738563e-02,-7.614821341266224397e-02
1.535181391416061736e+01,-4.574834136361923681e-02,-7.366725805296653329e-02
1.558499859164044565e+01,-4.590541788086564823e-02,-7.119401700871171024e-02
1.582172520195735643e+01,-4.601751215205873713e-02,-6.872629220208829881e-02
1.606204754490796915e+01,-4.608221167988451467e-02,-6.626158963254585865e-02
1.630602023747495011e+01,-4.609671704439375489e-02,-6.379718993664831861e-02
1.655369872623958116e+01,-4.605784518339452877e-02,-6.133024980521842306e-02
1.680513929998286216e+01,-4.596204422278930835e-02,-5.885793347105990059e-02
1.706039910247795888e+01,-4.580542092688816291e-02,-5.637757192690479729e-02
1.731953614547708398e+01,-4.558378153000971350e-02,-5.388684608546526200e-02
1.758260932189554282e+01,-4.529268639594364459e-02,-5.138398854355318707e-02
1.784967841919603515e+01,-4.492751864411603097e-02,-4.886799734688096475e-02
1.812080413297631409e+01,-4.448356638784858874e-02,-4.633885394687597969e-02
1.839604808076320097e+01,-4.395611788486283866e-02,-4.379773667855023367e-02
1.867547281601610365e+01,-4.334056847963074777e-02,-4.124722045953830435e-02
1.895914184234328204e+01,-4.263253767927994292e-02,-3.869145319238694730e-02
1.924711962793402620e+01,-4.182799444326503607e-02,-3.613629946650007141e-02
1.953947162021003692e+01,-4.092338818529007993e-02,-3.358944267036562820e-02
1.983626426069939086e+01,-3.991578285337629012e-02,-3.106043755683072019e-02
2.013756500013638728e+01,-3.880299092901717817e-02,-2.856070658692647438e-02
2.044344231379080057e+01,-3.758370415197662129e-02,-2.610347501037440024e-02
2.075396571702991366e+01,-3.625761748778022486e-02,-2.370364158988513825e-02
2.106920578111700237e+01,-3.482554288870268189e-02,-2.137758399745426363e-02
2.138923414924971311e+01,-3.328950934146041735e-02,-1.914290029795741657e-02
2.171412355284214257e+01,-3.165284590452493302e-02,-1.701809025441279252e-02
2.204394782805408681e+01,-2.992024453880303900e-02,-1.502218263200301267e-02
2.237878193257156312e+01,-2.809780007471119820e-02,-1.317431688056534995e-02
2.271870196264205433e+01,-2.619302482042111524e-02,-1.149328970382224729e-02
2.306378517036856479e+01,-2.421483592968039222e-02,-9.997078726437074944e-03
2.341410998126635690e+01,-2.217351438315863857e-02,-8.702356921297138906e-03
2.376975601208637912e+01,-2.008063465864779601e-02,-7.624012385304620130e-03
2.413080408890939665e+01,-1.794896540416378999e-02,-6.774688563226066544e-03
2.449733626551498489e+01,-1.579234158601108481e-02,-6.164359915256872359e-03
2.486943584202951030e+01,-1.362550971983078792e-02,-5.799957498284578211e-03
2.524718738385739414e+01,-1.146394827612871176e-02,-5.685057758026277469e-03
2.563067674089989012e+01,-9.323666177867588264e-03,-5.819646232442961947e-03
2.601999106706583831e+01,-7.220982765807034028e-03,-6.199965773528390636e-03
2.641521884007871179e+01,-5.172293353010807768e-03,-6.818456432866781131e-03
2.681644988158457110e+01,-3.193824903469821581e-03,-7.663791323236393907e-03
2.722377537756542409e+01,-1.301386594364991331e-03,-8.721009865112223230e-03
2.763728789906265604e+01,4.898793589170560457e-04,-9.971746596672544788e-03
2.805708142321526211e+01,2.165741527546118442e-03,-1.139455074264347258e-02
2.848325135461749724e+01,3.713112327083092565e-03,-1.296528867332534876e-02
2.891589454700122275e+01,5.120265224792016311e-03,-1.465761866216175151e-02
2.935510932524730521e+01,6.377031084602875072e-03,-1.644352496247878520e-02
2.980099550773149986e+01,7.474969189187411975e-03,-1.829389613377658055e-02
3.025365442900973534e+01,8.407509026310586164e-03,-2.017913116960360145e-02
3.071318896284794775e+01,9.170059294607605174e-03,-2.206975596316538071e-02
3.117970354560175394e+01,9.760081611322142525e-03,-2.393703231757152855e-02
3.165330419995122213e+01,1.017712698707302910e-02,-2.575354201403132551e-02
3.213409855899619316e+01,1.042283405535025451e-02,-2.749372926107801138e-02
3.262219589071754200e+01,1.050088895220693992e-02,-2.913438635770039531e-02
3.311770712281005302e+01,1.041694755232266956e-02,-3.065506928418535934e-02
3.362074486789244787e+01,1.017852174291482975e-02,-3.203843239735287840e-02
3.413142344910033188e+01,9.794832205692115962e-03,-3.327047411970181223e-02
3.464985892606794948e+01,9.276630897262928138e-03,-3.434068851620431656e-02
3.517616912130446849e+01,8.635997324879863754e-03,-3.524212077891848011e-02
3.571047364697105309e+01,7.886113042452491326e-03,-3.597132784028777425e-02
3.625289393206455202e+01,7.041019477842979518e-03,-3.652824831821861740e-02
3.680355325001402633e+01,6.115364522165153867e-03,-3.691598896209290215e-02
3.736257674669672468e+01,5.124143421544629338e-03,-3.714053713881344115e-02
3.793009146887931848e+01,4.082439767438248573e-03,-3.721041122063482864e-02
3.850622639309127493e+01,3.005172099904655694e-03,-3.713626233174228269e-02
3.909111245493676279e+01,1.906851650444491226e-03,-3.693044196386403161e-02
3.968488257885181980e+01,8.013562047562103894e-04,-3.660655075138811998e-02
4.028767170831348921e+01,-2.982752950172443303e-04,-3.617898355499318819e-02
4.089961683650779634e+01,-1.380023423373560572e-03,-3.566248555597682779e-02
4.152085703746362810e+01,-2.433040871470157785e-03,-3.507173299444663744e-02
4.215153349765939339e+01,-3.447774429451708374e-03,-3.442095073095358115e-02
4.279178954810991797e+01,-4.416054584581494309e-03,-3.372357680629464727e-02
4.344177069694057280e+01,-5.331151865513752801e-03,-3.299198209887108102e-02
4.410162466245632373e+01,-6.187799747905514333e-03,-3.223725069821195555e-02
4.477150140671293599e+01,-6.982185047663622308e-03,-3.146902410612673062e-02
4.545155316959823466e+01,-7.711907237025063255e-03,-3.069540988175330914e-02
4.614193450343096004e+01,-8.375908993420369889e-03,-2.992295286988467737e-02
4.684280230808522560e+01,-8.974380989417373236e-03,-2.915666502217148862e-02
4.755431586664827392e+01,-9.508644321113634071e-03,-2.840010768428276669e-02
4.827663688162030553e+01,-9.981014695837319914e-03,-2.765551878714239339e-02
4.900992951166367817e+01,-1.039465244642347706e-02,-2.692397598672095077e-02
4.975436040891059974e+01,-1.075340306807543757e-02,-2.620558609105587758e-02
5.051009875683736539e+01,-1.106163271488208762e-02,-2.549969067609418258e-02
5.127731630871396362e+01,-1.132406322714755130e-02,-2.480507789896520265e-02
5.205618742663764209e+01,-1.154561103084974193e-02,-2.412019097623894701e-02
5.284688912115942827e+01,-1.173123394277848439e-02,-2.344332463292115795e-02
5.364960109151250833e+01,-1.188578959727811316e-02,-2.277280202465065476e-02
5.446450576645167985e+01,-1.201390855979767545e-02,-2.210712603224557898e-02
5.529178834571310830e+01,-1.211988489817975891e-02,-2.144510042955133713e-02
5.613163684210383053e+01,-1.220758610103495588e-02,-2.078591813098761010e-02
5.698424212423061164e+01,-1.228038381579324261e-02,-2.012921544795241366e-02
5.784979795987777607e+01,-1.234110600984755432e-02,-1.947509290329054940e-02
5.872850106004396054e+01,-1.239201067441675699e-02,-1.882410474290865596e-02
5.962055112364771503e+01,-1.243478049013261102e-02,-1.817722055274818838e-02
6.052615088291228318e+01,-1.247053723212366259e-02,-1.753576353100193969e-02
6.144550614943936040e+01,-1.249987421379872635e-02,-1.690133072792445595e-02
6.237882586098337612e+01,-1.252290464232186373e-02,-1.627570112651281417e-02
6.332632212893556556e+01,-1.253932328087397144e-02,-1.566073754782342647e-02
6.428821028652967584e+01,-1.254847858283515347e-02,-1.505828832789112524e-02
6.526470893777973004e+01,-1.254945229565944051e-02,-1.447009427127225745e-02
6.625604000716124631e+01,-1.254114338662181555e-02,-1.389770572717832949e-02
6.726242879004698239e+01,-1.252235324128729739e-02,-1.334241380894333855e-02
6.828410400390880852e+01,-1.249186899037826870e-02,-1.280519875119186593e-02
6.932129784029730502e+01,-1.244854238238522759e-02,-1.228669728283621893e-02
7.037424601761088638e+01,-1.239136147927087303e-02,-1.178718979090944731e-02
7.144318783466650302e+01,-1.231951309371343700e-02,-1.130660686358194063e-02
7.252836622508398534e+01,-1.223243417311119068e-02,-1.084455385704684305e-02
7.363002781249652173e+01,-1.212985077688221239e-02,-1.040035112600423348e-02
7.474842296659949170e+01,-1.201180384153507572e-02,-9.973086880130441548e-03
7.588380586005122552e+01,-1.187866126325925857e-02,-9.561679044763359697e-03
7.703643452623742860e+01,-1.173111648939739564e-02,-9.164942226891603302e-03
7.820657091791338189e+01,-1.157017406945711618e-02,-8.781655727358922414e-03
7.939448096673667976e+01,-1.139712324682822658e-02,-8.410628736597343738e-03
8.060043464370444610e+01,-1.121350084363527053e-02,-8.050759128097181513e-03
8.182470602050830166e+01,-1.102104515221065395e-02,-7.701082810579126109e-03
8.306757333182153502e+01,-1.082164277293626992e-02,-7.360811251345815778e-03
8.432931903853216227e+01,-1.061727041528748479e-02,-7.029355532660329191e-03
8.561022989193659782e+01,-1.040993401565642844e-02,-6.706336193732473881e-03
8.691059699890831780e+01,-1.020160727111533994e-02,-6.391578869121629890e-03
8.823071588805639465e+01,-9.994171830791943531e-03,-6.085096619611057682e-03
8.957088657688899502e+01,-9.789361309599450139e-03,-5.787060573572342520e-03
9.093141363999703231e+01,-9.588710867026745827e-03,-5.497761103757325095e-03
9.231260627827340670e+01,-9.393514178459230410e-03,-5.217562293861105829e-03
9.371477838918376335e+01,-9.204789010751723843e-03,-4.946852712345973721e-03
9.513824863810461352e+01,-9.023252613490486546e-03,-4.685995741047232349e-03
9.658334053074464975e+01,-8.849307422392852299e-03,-4.435282557712597919e-03
9.805038248666699019e+01,-8.683037613850034392e-03,-4.194890767165134100e-03
9.953970791392724493e+01,-8.524216349197947726e-03,-3.964851229542641978e-03
1.010516552848457508e+02,-8.372323257269959768e-03,-3.745025106206116734e-03
1.025865682129306862e+02,-8.226571597103556066e-03,-3.535092639269766992e-03
1.041447955309695743e+02,-8.085943861440975794e-03,-3.334554299753654180e-03
1.057266913703069093e+02,-7.949234699808776367e-03,-3.142744415636194565e-03
1.073326152413260530e+02,-7.815099474638412605e-03,-2.958856522683472618e-03
1.089629321151534924e+02,-7.682106866530732762e-03,-2.781979042574165076e-03
1.106180125066042592e+02,-7.548793770227945482e-03,-2.611139383273780937e-03
1.122982325583871415e+02,-7.413720516663354840e-03,-2.445353908163760276e-03
1.140039741265889148e+02,-7.275524770743341772e-03,-2.283681034627985888e-03
1.157356248674571191e+02,-7.132972253554483409e-03,-2.125274426966387940e-03
1.174935783255009625e+02,-6.985002716135272315e-03,-1.969433240548338661e-03
1.192782340229303770e+02,-6.830769774699880191e-03,-1.815646533421290398e-03
1.210899975504536314e+02,-6.669673334152765448e-03,-1.663629193539991344e-03
1.229292806594543350e+02,-6.501383715400746791e-03,-1.513347188153939000e-03
1.247965013555677132e+02,-6.325856701676881889e-03,-1.365030488022266411e-03
1.266920839936797023e+02,-6.143339319369524147e-03,-1.219172608592279357e-03
1.286164593743676505e+02,-5.954366126194319750e-03,-1.076516447472543846e-03
1.305700648418065839e+02,-5.759746226304397580e-03,-9.380267539237234801e-04
1.325533443831624254e+02,-5.560541707602849153e-03,-8.048502528372028552e-04
1.345667487294950035e+02,-5.358038052381431521e-03,-6.782651527327037072e-04
1.366107354581937159e+02,-5.153707764334936048e-03,-5.596222072109260058e-04
1.386857690969689259e+02,-4.949168197095070616e-03,-4.502800559472708557e-04
1.407923212294233508e+02,-4.746135170431505131e-03,-3.515378094856939353e-04
1.429308706022265483e+02,-4.546373749379979332e-03,-2.645680245429303155e-04
1.451019032339175681e+02,-4.351647745439060459e-03,-1.903532770575285427e-04
1.473059125253603270e+02,-4.163669487274456946e-03,-1.296292839306915684e-04
1.495433993718764611e+02,-3.984051473184046371e-03,-8.283737447369408501e-05
1.518148722770816619e+02,-3.814261266638281980e-03,-5.008862165227652950e-05
1.541208474684509611e+02,-3.655580907153789874e-03,-3.114136842390271946e-05
1.564618490146394834e+02,-3.509072165438830836e-03,-2.539334395851547042e-05
1.588384089445852680e+02,-3.375548409382210773e-03,-3.188892133168565044e-05
1.612510673684205926e+02,-3.255553990347425600e-03,-4.934124812580360927e-05
1.637003726002212147e+02,-3.149351413465109693e-03,-7.616841892416629156e-05
1.661868812826186570e+02,-3.056916835885622671e-03,-1.105422157915352075e-04
1.687111585133060601e+02,-2.977943669429349450e-03,-1.504473407188883563e-04
1.712737779734654282e+02,-2.911854052640476358e-03,-1.937485788775954512e-04
1.738753220581455139e+02,-2.857817811958599657e-03,-2.382631066730910203e-04
1.765163820086202122e+02,-2.814778178378904948e-03,-2.818347733607572819e-04
1.791975580467572229e+02,-2.781483199216825720e-03,-3.224073442274082201e-04
1.819194595114279309e+02,-2.756522161308578873e-03,-3.580935455071181301e-04
1.846827049969889174e+02,-2.738365414235117111e-03,-3.872370830623843557e-04
1.874879224938673303e+02,-2.725406772541378621e-03,-4.084652049673108106e-04
1.903357495312813512e+02,-2.716006894655781725e-03,-4.207296383745205660e-04
1.932268333221286127e+02,-2.708536536580854939e-03,-4.233345270131683852e-04
1.961618309100753663e+02,-2.701418298308287495e-03,-4.159503160561789500e-04
1.991414093188799086e+02,-2.693165820372427945e-03,-3.986132836328960057e-04
2.021662457039840604e+02,-2.682419227081355578e-03,-3.717112278201212131e-04
2.052370275064072302e+02,-2.667976050208965746e-03,-3.359559534292114267e-04
2.083544526089782210e+02,-2.648816611218284770e-03,-2.923442256953195212e-04
2.115192294949392817e+02,-2.624123634147802753e-03,-2.421090721344220883e-04
2.147320774089608904e+02,-2.593295364091659835e-03,-1.866636351155620554e-04
2.179937265206007169e+02,-2.555952245882044983e-03,-1.275402990585854199e-04
2.213049180902459909e+02,-2.511937021540806576e-03,-6.632758020161315751e-05
2.246664046375765906e+02,-2.461308598363884208e-03,-4.607630736449192844e-06
2.280789501125866821e+02,-2.404329988123000278e-03,5.610310444594572907e-05
2.315433300692042735e+02,-2.341450851089706218e-03,1.144078160819043689e-04
2.350603318415479066e+02,-2.273285515187181867e-03,1.690756157532060224e-04
2.386307547228605301e+02,-2.200587132296799326e-03,2.190786901061518219e-04
2.422554101471612569e+02,-2.124218881063047806e-03,2.636191719668102965e-04
2.459351218736564704e+02,-2.045123365543127271e-03,3.021448768156403432e-04
2.496707261739516923e+02,-1.964290960187933116e-03,3.343539687540615234e-04
2.534630720221074967e+02,-1.882728283078993151e-03,3.601887697482536368e-04
2.573130212875818188e+02,-1.801427639334020597e-03,3.798195454882627312e-04
2.612214489311033958e+02,-1.721338312060459496e-03,3.936195606207390681e-04
2.651892432035200500e+02,-1.643340652639964502e-03,4.021328411902585402e-04
2.692173058476676601e+02,-1.568223370573995417e-03,4.060366426118207708e-04
2.733065523033044428e+02,-1.496664815639184645e-03,4.061004755882924398e-04
2.774579119151600821e+02,-1.429218635850118112e-03,4.031437471027806405e-04
2.816723281441429094e+02,-1.366303835558241222e-03,3.979941329679608452e-04
2.859507587817562353e+02,-1.308199660109874221e-03,3.914484573749132490e-04
2.902941761677714680e+02,-1.255045032546299628e-03,3.842377870584002251e-04
2.947035674112071888e+02,-1.206842401255091290e-03,3.769982029572898339e-04
2.991799346146650578e+02,-1.163465735857339284e-03,3.702481848539305532e-04
3.037242951020733699e+02,-1.124672111333826878e-03,3.643734439214312741e-04
3.083376816498894755e+02,-1.090116487652137769e-03,3.596193934312109366e-04
3.130211427218143854e+02,-1.059368860156771099e-03,3.560912616395467281e-04
3.177757427070725385e+02,-1.031933353513459460e-03,3.537613465968870042e-04
3.226025621623103348e+02,-1.007268312449142479e-03,3.524827186519182386e-04
3.275026980571699937e+02,-9.848068608755752157e-04,3.520082441455102407e-04
3.324772640235924541e+02,-9.639771099856676850e-04,3.520137704488119322e-04
3.375273906089078082e+02,-9.442214630552645677e-04,3.521239801971521536e-04
3.426542255327696012e+02,-9.250143325424953211e-04,3.519395578069958036e-04
3.478589339479922842e+02,-9.058778381924210976e-04,3.510641211318292834e-04
3.531426987053488915e+02,-8.863949299183562780e-04,3.491296216978998640e-04
3.585067206223944822e+02,-8.662198274776017337e-04,3.458189068479486372e-04
3.639522187563688362e+02,-8.450853137289254108e-04,3.408844627079410383e-04
3.694804306812469008e+02,-8.228069557500994335e-04,3.341625282003105740e-04
3.750926127689962755e+02,-7.992842064144869973e-04,3.255820309110944721e-04
3.807900404751076167e+02,-7.744984724831621703e-04,3.151681374914568068e-04
3.865740086284613994e+02,-7.485084232457667186e-04,3.030404140497867244e-04
3.924458317255979978e+02,-7.214427708727294553e-04,2.894059768106076180e-04
3.984068442294575334e+02,-6.934909545006535947e-04,2.745480992759792571e-04
4.044584008726570801e+02,-6.648921400385018887e-04,2.588111155061734864e-04
4.106018769653747995e+02,-6.359229869531551893e-04,2.425824887663033391e-04
4.168386687079105855e+02,-6.068847036196228784e-04,2.262730871960480505e-04
4.231701935079940426e+02,-5.780898837111150823e-04,2.102967494803792414e-04
4.295978903029126741e+02,-5.498496027354984883e-04,1.950501888190771249e-04
4.361232198865325245e+02,-5.224612392690647367e-04,1.808942587330202717e-04
4.427476652412862563e+02,-4.961974273070615671e-04,1.681374938789989559e-04
4.494727318752044312e+02,-4.712964943224817738e-04,1.570226411402413091e-04
4.562999481640638919e+02,-4.479546865539529854e-04,1.477168016886971913e-04
4.632308656987373183e+02,-4.263203601739679049e-04,1.403055074907025301e-04
4.702670596378147252e+02,-4.064903134653047312e-04,1.347909065128709283e-04
4.774101290655831349e+02,-3.885082559714342354e-04,1.310940049808750896e-04
4.846616973554432661e+02,-3.723654414516663902e-04,1.290606849806003043e-04
4.920234125388463440e+02,-3.580032875688810012e-04,1.284710713675696336e-04
4.994969476798347614e+02,-3.453178795410627444e-04,1.290516404578861964e-04
5.070840012552720850e+02,-3.341660244114419420e-04,1.304893826384184718e-04
5.147862975408479542e+02,-3.243726534570556819e-04,1.324472047021241217e-04
5.226055870029466632e+02,-3.157391665875863840e-04,1.345797922273281322e-04
5.305436466964679312e+02,-3.080524124475791936e-04,1.365490928770876633e-04
5.386022806686901276e+02,-3.010938959831788164e-04,1.380387016822748336e-04
5.467833203692676989e+02,-2.946488800498470173e-04,1.387664603355043269e-04
5.550886250664572117e+02,-2.885149818051269133e-04,1.384947487265419941e-04
5.635200822696641580e+02,-2.825100104119349087e-04,1.370380559762296446e-04
5.720796081584094281e+02,-2.764786756448700533e-04,1.342675915626534433e-04
5.807691480178109487e+02,-2.702979966543450630e-04,1.301128804611778600e-04
5.895906766806778023e+02,-2.638812052245809170e-04,1.245604035555458733e-04
5.985461989763253996e+02,-2.571800074463448382e-04,1.176495472995225944e-04
6.076377501862008330e+02,-2.501851828011769641e-04,1.094662289715941927e-04
6.168673965064340337e+02,-2.429254958650206575e-04,1.001346807313896470e-04
6.262372355174118184e+02,-2.354650229211552315e-04,8.980795967439281213e-05
6.357493966604861271e+02,-2.278990032692773671e-04,7.865779751844992340e-05
6.454060417219225201e+02,-2.203484166723723714e-04,6.686439816150357984e-05
6.552093653241997799e+02,-2.129535125307557841e-04,5.460679272359381109e-05
6.651615954247715763e+02,-2.058665685512328647e-04,4.205429434714358372e-05
6.752649938224046764e+02,-1.992441597924998753e-04,2.935949539431548239e-05
6.855218566712079564e+02,-1.932392812165617535e-04,1.665316498283830882e-05
6.959345150024686291e+02,-1.879936073462817880e-04,4.041263770238057162e-06
7.065053352544156269e+02,-1.836302294743741292e-04,-8.395833804075714113e-06
7.172367198100292853e+02,-1.802471406892047767e-04,-2.060198635861487659e-05
7.281311075430202209e+02,-1.779117605984481543e-04,-3.254197359170429849e-05
7.391909743721010955e+02,-1.766567096149751492e-04,-4.419655395404564757e-05
7.504188338236787104e+02,-1.764770248273705988e-04,-5.555632090126216838e-05
7.618172376030884152e+02,-1.773289516880383054e-04,-6.661485837577973967e-05
7.733887761745135094e+02,-1.791303912334063497e-04,-7.736176547934459080e-05
7.851360793497052555e+02,-1.817630348502907722e-04,-8.777613708704778972e-05
7.970618168856494776e+02,-1.850761268655798375e-04,-9.782107612371637728e-05
8.091686990913101454e+02,-1.888917835202175155e-04,-1.074397944511584768e-04
8.214594774435890940e+02,-1.930117229033134763e-04,-1.165537576548469900e-04
8.339369452126414899e+02,-1.972251774997602070e-04,-1.250632583791322361e-04
8.466039380966908539e+02,-2.013178230021450688e-04,-1.328506748369817636e-04
8.594633348664843879e+02,-2.050813425015785008e-04,-1.397865294757161259e-04
8.725180580195390121e+02,-2.083234410013012905e-04,-1.457383353710706153e-04
8.857710744443238582e+02,-2.108779188228493418e-04,-1.505820220428222278e-04
8.992253960945321296e+02,-2.126144985826750045e-04,-1.542156705497954583e-04
9.128840806735939850e+02,-2.134481028627788213e-04,-1.565750313762270807e-04
9.267502323295873339e+02,-2.133472511994249921e-04,-1.576502954775405030e-04
9.408270023607035455e+02,-2.123413012798947008e-04,-1.575034068646008478e-04
9.551175899314290518e+02,-2.105262763880677568e-04,-1.562851828754707739e-04
9.696252427996056440e+02,-2.080690585322120256e-04,-1.542514261008154364e-04
9.843532580545304427e+02,-2.052097680664832779e-04,-1.517772448451637501e-04
9.993049828662764185e+02,-2.022622233294191219e-04,-1.493687908561414091e-04
1.014483815246384665e+03,-1.996123579972586271e-04,-1.476716957484747184e-04
1.029893204820116125e+03,-1.977146463481016525e-04,-1.474755754699019761e-04
1.045536653610432950e+03,-1.970865043107172809e-04,-1.497140797707130488e-04
1.061417716833886971e+03,-1.983008079640136145e-04,-1.554601174933445407e-04
1.077540003708598533e+03,-2.019766178944504276e-04,-1.659160363151057638e-04
1.093907178274506350e+03,-2.087683494992331745e-04,-1.823987104482283073e-04
1.110522960226078794e+03,-2.193535805261603855e-04,-2.063196607433592789e-04
1.127391125757671034e+03,-2.344197685314464152e-04,-2.391605254477013887e-04
1.144515508421724235e+03,-2.546501697492375982e-04,-2.824443398264930849e-04
1.161899999999999864e+03,-2.807092938555966199e-04,-3.377032730949025563e-04
