omega,Re_G_data,Im_G_data
6.2832000000e-01,5.6667282272e-01,-1.5841866048e-01
6.2832000000e-01,5.6694764510e-01,-1.5776833592e-01
6.2832000000e-01,5.7190424082e-01,-1.5004641592e-01
6.2832000000e-01,5.7361364791e-01,-1.4955723665e-01
6.2832000000e-01,5.7514141363e-01,-1.4691897913e-01
6.2832000000e-01,5.7517446334e-01,-1.4751576466e-01
6.2832000000e-01,5.8006400416e-01,-1.3572024159e-01
6.2832000000e-01,5.8103142556e-01,-1.3922942547e-01
6.2832000000e-01,5.8025528596e-01,-1.4442979165e-01
6.2832000000e-01,5.8236356414e-01,-1.3967796376e-01
6.7792000000e-01,5.7573505945e-01,-1.5304696735e-01
6.7792000000e-01,5.7607156078e-01,-1.5047497088e-01
6.7792000000e-01,5.7046757152e-01,-1.5761134302e-01
6.7792000000e-01,5.6994568648e-01,-1.5751009671e-01
6.7792000000e-01,5.7620981430e-01,-1.4870897081e-01
6.7792000000e-01,5.6926508890e-01,-1.5076037496e-01
6.7792000000e-01,5.6406090128e-01,-1.6853186536e-01
6.7792000000e-01,5.6410628109e-01,-1.5916180616e-01
6.7792000000e-01,5.5243721900e-01,-1.7439379337e-01
6.7792000000e-01,5.6732085934e-01,-1.6047310978e-01
7.3144000000e-01,5.7147429224e-01,-1.6871950957e-01
7.3144000000e-01,5.7208045038e-01,-1.6521673612e-01
7.3144000000e-01,5.7126074654e-01,-1.6031733643e-01
7.3144000000e-01,5.7057509129e-01,-1.5965107359e-01
7.3144000000e-01,5.6473579243e-01,-1.7097510710e-01
7.3144000000e-01,5.6374246674e-01,-1.6251560291e-01
7.3144000000e-01,5.5745410689e-01,-1.7194614159e-01
7.3144000000e-01,5.5809347793e-01,-1.6865346213e-01
7.3144000000e-01,5.5395049144e-01,-1.7748833520e-01
7.3144000000e-01,5.5740333563e-01,-1.7929557252e-01
7.8919000000e-01,5.5785458256e-01,-1.8160383701e-01
7.8919000000e-01,5.6634273761e-01,-1.7512208187e-01
7.8919000000e-01,5.6500132025e-01,-1.7319183184e-01
7.8919000000e-01,5.6268024313e-01,-1.7545171414e-01
7.8919000000e-01,5.5854641642e-01,-1.7111542774e-01
7.8919000000e-01,5.5208166315e-01,-1.8046973740e-01
7.8919000000e-01,5.5321667949e-01,-1.8268570151e-01
7.8919000000e-01,5.5591901781e-01,-1.7691223174e-01
7.8919000000e-01,5.4865151135e-01,-1.9027775275e-01
7.8919000000e-01,5.4481718160e-01,-1.8958295870e-01
8.5149000000e-01,5.5871992435e-01,-1.8445343732e-01
8.5149000000e-01,5.5737706118e-01,-1.8828498101e-01
8.5149000000e-01,5.5780857721e-01,-1.8258262813e-01
8.5149000000e-01,5.5555075537e-01,-1.8881381255e-01
8.5149000000e-01,5.5045239890e-01,-1.9484538214e-01
8.5149000000e-01,5.4404923629e-01,-1.9264618085e-01
8.5149000000e-01,5.4308023195e-01,-1.9229694763e-01
8.5149000000e-01,5.3952797428e-01,-2.0193496816e-01
8.5149000000e-01,5.3526115004e-01,-2.0118054991e-01
8.5149000000e-01,5.4968417269e-01,-1.8637244083e-01
9.1871000000e-01,5.4715251914e-01,-2.0171277426e-01
9.1871000000e-01,5.4967804131e-01,-2.0072290178e-01
9.1871000000e-01,5.5125299478e-01,-1.9483106696e-01
9.1871000000e-01,5.4913382317e-01,-1.9699645747e-01
9.1871000000e-01,5.3998321013e-01,-2.0610437449e-01
9.1871000000e-01,5.2623144446e-01,-2.1386572368e-01
9.1871000000e-01,5.3731398701e-01,-2.0555355377e-01
9.1871000000e-01,5.3531859777e-01,-2.0354543223e-01
9.1871000000e-01,5.2883463659e-01,-2.1526882739e-01
9.1871000000e-01,5.4062787210e-01,-2.0293239148e-01
9.9124000000e-01,5.3701352299e-01,-2.1366852301e-01
9.9124000000e-01,5.3971774728e-01,-2.1379481675e-01
9.9124000000e-01,5.3945521112e-01,-2.1249968281e-01
9.9124000000e-01,5.4015946411e-01,-2.0918488434e-01
9.9124000000e-01,5.3235486024e-01,-2.2197628516e-01
9.9124000000e-01,5.2428935305e-01,-2.1597151475e-01
9.9124000000e-01,5.2528331369e-01,-2.1697103322e-01
9.9124000000e-01,5.1485835430e-01,-2.2578412501e-01
9.9124000000e-01,5.3030576855e-01,-2.1589857976e-01
9.9124000000e-01,5.1270448654e-01,-2.3301192754e-01
1.0695000000e+00,5.2952465846e-01,-2.2611113303e-01
1.0695000000e+00,5.0273326427e-01,-2.3808496928e-01
1.0695000000e+00,5.0597646981e-01,-2.3894603073e-01
1.0695000000e+00,5.1370016276e-01,-2.2838234429e-01
1.0695000000e+00,5.1395480910e-01,-2.2957975566e-01
1.0695000000e+00,5.1961952305e-01,-2.2670209013e-01
1.0695000000e+00,5.1923701109e-01,-2.3319855556e-01
1.0695000000e+00,5.2654412143e-01,-2.2644014019e-01
1.0695000000e+00,5.3063665715e-01,-2.1928165380e-01
1.0695000000e+00,5.2982260403e-01,-2.2245818743e-01
1.1539000000e+00,5.1871657592e-01,-2.3546895647e-01
1.1539000000e+00,5.1953740076e-01,-2.3218564299e-01
1.1539000000e+00,5.1448267925e-01,-2.3976798129e-01
1.1539000000e+00,5.0618680404e-01,-2.4595985000e-01
1.1539000000e+00,5.0536804207e-01,-2.4340420488e-01
1.1539000000e+00,4.9217445481e-01,-2.5270720930e-01
1.1539000000e+00,5.0158635105e-01,-2.4208352886e-01
1.1539000000e+00,5.0006934094e-01,-2.4124655987e-01
1.1539000000e+00,4.8889231648e-01,-2.5042921731e-01
1.1539000000e+00,5.0627215030e-01,-2.4042446096e-01
1.2450000000e+00,4.9180464618e-01,-2.5905314048e-01
1.2450000000e+00,5.0332455672e-01,-2.5216730995e-01
1.2450000000e+00,5.0647827544e-01,-2.4565712814e-01
1.2450000000e+00,5.0584952960e-01,-2.4795055133e-01
1.2450000000e+00,4.9227919961e-01,-2.5302853521e-01
1.2450000000e+00,4.8764827605e-01,-2.5386258442e-01
1.2450000000e+00,4.7660654011e-01,-2.6255389070e-01
1.2450000000e+00,4.7460363204e-01,-2.6260236204e-01
1.2450000000e+00,4.4472479099e-01,-2.9318456504e-01
1.2450000000e+00,4.8805393913e-01,-2.5386289488e-01
1.3433000000e+00,4.8871832429e-01,-2.6575193226e-01
1.3433000000e+00,4.9009962837e-01,-2.6139444671e-01
1.3433000000e+00,4.8511615458e-01,-2.6633815529e-01
1.3433000000e+00,4.8078657004e-01,-2.6476886330e-01
1.3433000000e+00,4.9364782513e-01,-2.5965207037e-01
1.3433000000e+00,4.7036820798e-01,-2.6534458996e-01
1.3433000000e+00,4.6878412107e-01,-2.6789149433e-01
1.3433000000e+00,4.6692707242e-01,-2.7009821444e-01
1.3433000000e+00,4.6268849136e-01,-2.7269680024e-01
1.3433000000e+00,4.7611060907e-01,-2.7181939874e-01
1.4494000000e+00,4.7758278077e-01,-2.7107270244e-01
1.4494000000e+00,4.7396912002e-01,-2.7464005055e-01
1.4494000000e+00,4.7153677500e-01,-2.7836302686e-01
1.4494000000e+00,4.6891830609e-01,-2.7880013238e-01
1.4494000000e+00,4.5841814119e-01,-2.8479345187e-01
1.4494000000e+00,4.6109931879e-01,-2.7817339613e-01
1.4494000000e+00,4.5388256275e-01,-2.7707391096e-01
1.4494000000e+00,4.4485815974e-01,-2.8507105660e-01
1.4494000000e+00,4.3265567635e-01,-2.8609156196e-01
1.4494000000e+00,4.5380646225e-01,-2.7876836785e-01
1.5638000000e+00,4.5063630684e-01,-2.9019338218e-01
1.5638000000e+00,4.5927823842e-01,-2.8448824617e-01
1.5638000000e+00,4.5636949254e-01,-2.8752123117e-01
1.5638000000e+00,4.5286220235e-01,-2.9092894886e-01
1.5638000000e+00,4.3868058607e-01,-2.9475780483e-01
1.5638000000e+00,4.2110504666e-01,-2.9305388800e-01
1.5638000000e+00,4.3562097029e-01,-2.8847828453e-01
1.5638000000e+00,4.1911223127e-01,-2.9412483404e-01
1.5638000000e+00,4.4173140366e-01,-2.8934534837e-01
1.5638000000e+00,4.3386743854e-01,-2.8896766233e-01
1.6873000000e+00,3.9729000783e-01,-3.0392547405e-01
1.6873000000e+00,4.0051182065e-01,-3.0524256980e-01
1.6873000000e+00,4.1382467640e-01,-2.9730512896e-01
1.6873000000e+00,4.1574649208e-01,-2.9941130560e-01
1.6873000000e+00,4.1798580618e-01,-3.0648510883e-01
1.6873000000e+00,4.2259338415e-01,-3.0039364519e-01
1.6873000000e+00,4.3043650989e-01,-2.9644051773e-01
1.6873000000e+00,4.3030137358e-01,-3.0143800738e-01
1.6873000000e+00,4.3332509464e-01,-3.0282038382e-01
1.6873000000e+00,4.4018439449e-01,-2.9635640933e-01
1.8205000000e+00,4.1915899377e-01,-3.0664337664e-01
1.8205000000e+00,4.1141211656e-01,-3.1284819457e-01
1.8205000000e+00,4.1448058646e-01,-3.0611928450e-01
1.8205000000e+00,4.0813003110e-01,-3.1187529593e-01
1.8205000000e+00,3.9582920143e-01,-3.1580028529e-01
1.8205000000e+00,3.7590294146e-01,-3.1180405818e-01
1.8205000000e+00,3.9389881793e-01,-3.0958798625e-01
1.8205000000e+00,3.7753753534e-01,-3.1370200670e-01
1.8205000000e+00,2.4018568739e-01,-2.7773968329e-01
1.8205000000e+00,4.0164377950e-01,-3.0743440664e-01
1.9642000000e+00,3.9209868736e-01,-3.1785402604e-01
1.9642000000e+00,3.9669540059e-01,-3.1647837217e-01
1.9642000000e+00,3.8948503736e-01,-3.2215075380e-01
1.9642000000e+00,3.7754880265e-01,-3.1598375040e-01
1.9642000000e+00,3.8503335344e-01,-3.2171785658e-01
1.9642000000e+00,3.7296671269e-01,-3.2533311794e-01
1.9642000000e+00,3.7142392638e-01,-3.1552224868e-01
1.9642000000e+00,3.7094473544e-01,-3.1265175539e-01
1.9642000000e+00,3.5591893980e-01,-3.1947441399e-01
1.9642000000e+00,3.5402692501e-01,-3.1655085605e-01
2.1192000000e+00,3.6630171375e-01,-3.2944943482e-01
2.1192000000e+00,3.6819368130e-01,-3.2676139835e-01
2.1192000000e+00,3.6060143471e-01,-3.3044696607e-01
2.1192000000e+00,3.5681816412e-01,-3.2604910712e-01
2.1192000000e+00,3.7395393867e-01,-3.2428945736e-01
2.1192000000e+00,3.4949885653e-01,-3.2393115038e-01
2.1192000000e+00,3.4801698138e-01,-3.2342571121e-01
2.1192000000e+00,3.3096903915e-01,-3.2507227384e-01
2.1192000000e+00,3.2897153175e-01,-3.2638406732e-01
2.1192000000e+00,3.4866489784e-01,-3.2962163933e-01
2.2865000000e+00,3.4980885249e-01,-3.3136619067e-01
2.2865000000e+00,3.4471538796e-01,-3.3173397385e-01
2.2865000000e+00,3.3614379629e-01,-3.3913654803e-01
2.2865000000e+00,3.4017604862e-01,-3.3487800532e-01
2.2865000000e+00,3.3066555396e-01,-3.2916235557e-01
2.2865000000e+00,3.2211166499e-01,-3.3415674792e-01
2.2865000000e+00,3.2493120084e-01,-3.2605860995e-01
2.2865000000e+00,3.0643345349e-01,-3.2790239185e-01
2.2865000000e+00,3.0402301930e-01,-3.2588443678e-01
2.2865000000e+00,3.2550332451e-01,-3.2603878578e-01
2.4671000000e+00,3.2537708805e-01,-3.3525549462e-01
2.4671000000e+00,3.1909915333e-01,-3.3681432755e-01
2.4671000000e+00,3.1411070099e-01,-3.3896696657e-01
2.4671000000e+00,3.1076597485e-01,-3.3797169375e-01
2.4671000000e+00,3.0348963725e-01,-3.3300051438e-01
2.4671000000e+00,2.9699647793e-01,-3.3772645691e-01
2.4671000000e+00,3.0149391875e-01,-3.2414040069e-01
2.4671000000e+00,2.7889072958e-01,-3.2688447050e-01
2.4671000000e+00,2.9969218923e-01,-3.2992561300e-01
2.4671000000e+00,2.8199268593e-01,-3.2869197052e-01
2.6618000000e+00,2.5436657831e-01,-3.2648782249e-01
2.6618000000e+00,2.5656769095e-01,-3.2928585387e-01
2.6618000000e+00,2.7241231552e-01,-3.2923230819e-01
2.6618000000e+00,2.7356652150e-01,-3.3113258480e-01
2.6618000000e+00,2.7193316287e-01,-3.3731871180e-01
2.6618000000e+00,2.7835940835e-01,-3.3442002315e-01
2.6618000000e+00,2.8273705142e-01,-3.3994885697e-01
2.6618000000e+00,2.8714928421e-01,-3.4160397565e-01
2.6618000000e+00,2.9167780332e-01,-3.3866989924e-01
2.6618000000e+00,2.9791971135e-01,-3.3983020833e-01
2.8720000000e+00,2.3301430825e-01,-3.2656040950e-01
2.8720000000e+00,2.7098701463e-01,-3.4107304541e-01
2.8720000000e+00,2.6592255443e-01,-3.3914648154e-01
2.8720000000e+00,2.6324097576e-01,-3.3605166728e-01
2.8720000000e+00,2.5824982001e-01,-3.3960082460e-01
2.8720000000e+00,2.2980803345e-01,-3.2454536919e-01
2.8720000000e+00,2.4518415563e-01,-3.3534833565e-01
2.8720000000e+00,2.4776478621e-01,-3.3175034938e-01
2.8720000000e+00,2.4835665429e-01,-3.2990667752e-01
2.8720000000e+00,2.5256600416e-01,-3.3427218721e-01
3.0987000000e+00,2.2642212573e-01,-3.3207334638e-01
3.0987000000e+00,2.3934751804e-01,-3.3799596330e-01
3.0987000000e+00,2.3340819309e-01,-3.3926369596e-01
3.0987000000e+00,2.3222966374e-01,-3.3685769366e-01
3.0987000000e+00,2.4400477770e-01,-3.3967337453e-01
3.0987000000e+00,2.1910851177e-01,-3.3414912310e-01
3.0987000000e+00,2.2149324656e-01,-3.2794952253e-01
3.0987000000e+00,2.0653126041e-01,-3.2186572258e-01
3.0987000000e+00,2.0640987796e-01,-3.1985092024e-01
3.0987000000e+00,2.2300185229e-01,-3.2715552689e-01
3.3433000000e+00,2.1799039259e-01,-3.3615563544e-01
3.3433000000e+00,2.1322447174e-01,-3.3258928057e-01
3.3433000000e+00,2.0537382684e-01,-3.3273174082e-01
3.3433000000e+00,2.0840707140e-01,-3.3065119853e-01
3.3433000000e+00,-9.6780145139e-02,-4.4232611002e-01
3.3433000000e+00,1.9261942051e-01,-3.2568264191e-01
3.3433000000e+00,1.9746193100e-01,-3.2272270048e-01
3.3433000000e+00,1.9735940369e-01,-3.2241027616e-01
3.3433000000e+00,1.8132244039e-01,-3.1362672959e-01
3.3433000000e+00,2.0147885253e-01,-3.2693319330e-01
3.6073000000e+00,1.9324467161e-01,-3.3118383188e-01
3.6073000000e+00,1.8883830486e-01,-3.2844328920e-01
3.6073000000e+00,1.8217459981e-01,-3.2900009131e-01
3.6073000000e+00,1.7993161617e-01,-3.2672029873e-01
3.6073000000e+00,1.7723060035e-01,-3.2014696500e-01
3.6073000000e+00,1.7002071680e-01,-3.2068703865e-01
3.6073000000e+00,1.7319978940e-01,-3.1719362060e-01
3.6073000000e+00,1.6195876825e-01,-3.0748407810e-01
3.6073000000e+00,1.5848925622e-01,-3.0532611379e-01
3.6073000000e+00,1.7467804047e-01,-3.1665607807e-01
3.8921000000e+00,1.5728356554e-01,-3.2059677168e-01
3.8921000000e+00,1.6700508791e-01,-3.2474363660e-01
3.8921000000e+00,1.6360029395e-01,-3.2103807596e-01
3.8921000000e+00,1.5363450566e-01,-3.1276318561e-01
3.8921000000e+00,1.5569596244e-01,-3.1856827161e-01
3.8921000000e+00,1.4620506749e-01,-3.1169343375e-01
3.8921000000e+00,1.5051518332e-01,-3.1032432968e-01
3.8921000000e+00,1.5095419292e-01,-3.0753981814e-01
3.8921000000e+00,1.3846354008e-01,-2.9922655659e-01
3.8921000000e+00,1.3802673846e-01,-2.9734587919e-01
4.1993000000e+00,1.4081735663e-01,-3.1164209034e-01
4.1993000000e+00,1.3405212738e-01,-3.1175062092e-01
4.1993000000e+00,1.3275786623e-01,-3.0891092867e-01
4.1993000000e+00,1.3111177037e-01,-3.0348980818e-01
4.1993000000e+00,1.4409736271e-01,-3.1528110086e-01
4.1993000000e+00,1.2804645369e-01,-2.9885384822e-01
4.1993000000e+00,1.2358182073e-01,-3.0039235341e-01
4.1993000000e+00,1.1747836799e-01,-2.8817403258e-01
4.1993000000e+00,1.1423759518e-01,-2.8379009540e-01
4.1993000000e+00,1.2786148040e-01,-2.9924842227e-01
4.5309000000e+00,1.2020216675e-01,-3.0510575873e-01
4.5309000000e+00,1.1769306126e-01,-3.0138504580e-01
4.5309000000e+00,1.1174152780e-01,-2.9741128940e-01
4.5309000000e+00,1.1074739576e-01,-2.9765487134e-01
4.5309000000e+00,1.1097529642e-01,-2.9182112275e-01
4.5309000000e+00,1.0858784422e-01,-2.8928100558e-01
4.5309000000e+00,1.0197693313e-01,-2.8920764290e-01
4.5309000000e+00,9.9107979041e-02,-2.7708902340e-01
4.5309000000e+00,9.6113536419e-02,-2.7547429230e-01
4.5309000000e+00,1.0808947446e-01,-2.8830379032e-01
4.8885000000e+00,9.0833246971e-02,-2.8572951133e-01
4.8885000000e+00,9.9737981042e-02,-2.9425639354e-01
4.8885000000e+00,9.6995105097e-02,-2.8949291129e-01
4.8885000000e+00,9.2817107457e-02,-2.8906391086e-01
4.8885000000e+00,9.1636234320e-02,-2.8132162636e-01
4.8885000000e+00,8.8996108971e-02,-2.7687864036e-01
4.8885000000e+00,8.8087392223e-02,-2.7661290883e-01
4.8885000000e+00,8.3280306175e-02,-2.7715834933e-01
4.8885000000e+00,7.9916039471e-02,-2.6452163529e-01
4.8885000000e+00,7.9480941426e-02,-2.6413059052e-01
5.2745000000e+00,7.9443584398e-02,-2.8049680533e-01
5.2745000000e+00,7.8155280451e-02,-2.7573775972e-01
5.2745000000e+00,7.2794968672e-02,-2.7486383563e-01
5.2745000000e+00,7.2334224110e-02,-2.7478897817e-01
5.2745000000e+00,7.2803238673e-02,-2.6848426553e-01
5.2745000000e+00,7.1219689464e-02,-2.6463400827e-01
5.2745000000e+00,6.5806747685e-02,-2.6410494952e-01
5.2745000000e+00,6.4544539260e-02,-2.5458549065e-01
5.2745000000e+00,6.4559018233e-02,-2.5001940238e-01
5.2745000000e+00,6.8193993458e-02,-2.6585310014e-01
5.6909000000e+00,5.4515941702e-02,-2.5805440240e-01
5.6909000000e+00,6.1336724419e-02,-2.6676941192e-01
5.6909000000e+00,6.0970692770e-02,-2.6348771722e-01
5.6909000000e+00,5.5129827378e-02,-2.6096026620e-01
5.6909000000e+00,5.5843124260e-02,-2.5438266268e-01
5.6909000000e+00,4.8603329537e-02,-2.3818157875e-01
5.6909000000e+00,5.4294174006e-02,-2.4995109736e-01
5.6909000000e+00,4.9536216013e-02,-2.4923494017e-01
5.6909000000e+00,4.8964804701e-02,-2.3922023389e-01
5.6909000000e+00,5.5487652300e-02,-2.5084630462e-01
6.1402000000e+00,4.0260464042e-02,-2.4588574712e-01
6.1402000000e+00,4.4764073891e-02,-2.5259417766e-01
6.1402000000e+00,4.1014107621e-02,-2.5096064846e-01
6.1402000000e+00,4.4164489832e-02,-2.4834354318e-01
6.1402000000e+00,3.9823642865e-02,-2.4035318673e-01
6.1402000000e+00,3.4992795634e-02,-2.3814280223e-01
6.1402000000e+00,3.9700934214e-02,-2.3653131172e-01
6.1402000000e+00,3.9062115588e-02,-2.3604978019e-01
6.1402000000e+00,3.5616091848e-02,-2.2869323668e-01
6.1402000000e+00,3.5520089217e-02,-2.2438599703e-01
6.6249000000e+00,2.9648288778e-02,-2.3787950179e-01
6.6249000000e+00,3.0494222867e-02,-2.3361819786e-01
6.6249000000e+00,2.5499073639e-02,-2.3173129729e-01
6.6249000000e+00,2.5196048745e-02,-2.2982297345e-01
6.6249000000e+00,2.7030408853e-02,-2.2588848354e-01
6.6249000000e+00,2.5738134753e-02,-2.2224459795e-01
6.6249000000e+00,2.2301744749e-02,-2.2116843419e-01
6.6249000000e+00,2.3806357935e-02,-2.1263146268e-01
6.6249000000e+00,2.3690415271e-02,-2.1083318008e-01
6.6249000000e+00,2.6632164999e-02,-2.2331757160e-01
7.1479000000e+00,1.2855062456e-02,-2.1544682933e-01
7.1479000000e+00,1.7184593040e-02,-2.2362067919e-01
7.1479000000e+00,1.6969730752e-02,-2.1910382433e-01
7.1479000000e+00,1.2590522159e-02,-2.1647416555e-01
7.1479000000e+00,1.4378215544e-02,-2.1144169839e-01
7.1479000000e+00,1.2231565997e-02,-1.9736133460e-01
7.1479000000e+00,1.4417066779e-02,-2.0862244027e-01
7.1479000000e+00,1.0356342455e-02,-2.0780209280e-01
7.1479000000e+00,1.2357058145e-02,-1.9778435735e-01
7.1479000000e+00,1.3830045093e-02,-2.0925346820e-01
7.7122000000e+00,2.2489591752e-03,-2.0085740983e-01
7.7122000000e+00,4.4159240029e-03,-2.0830319756e-01
7.7122000000e+00,5.5356737856e-03,-2.0349472036e-01
7.7122000000e+00,1.0938301325e-03,-2.0269704866e-01
7.7122000000e+00,3.3876813722e-03,-1.9698087144e-01
7.7122000000e+00,3.0890030872e-03,-1.9430544758e-01
7.7122000000e+00,2.9526846134e-03,-1.9428756459e-01
7.7122000000e+00,1.1485253389e-04,-1.9259996576e-01
7.7122000000e+00,2.8900381503e-03,-1.8528746255e-01
7.7122000000e+00,2.8411378047e-03,-1.8332798596e-01
8.3211000000e+00,-4.6386778252e-03,-1.9004339680e-01
8.3211000000e+00,-8.8145472251e-03,-1.8699236283e-01
8.3211000000e+00,-8.3485128875e-03,-1.8538211141e-01
8.3211000000e+00,-6.5686017122e-03,-1.8287206887e-01
8.3211000000e+00,-6.2213182760e-03,-1.9311981669e-01
8.3211000000e+00,-6.1198217141e-03,-1.7990594176e-01
8.3211000000e+00,-8.8016352634e-03,-1.7801253921e-01
8.3211000000e+00,-6.1568612810e-03,-1.7237007704e-01
8.3211000000e+00,-5.6905456844e-03,-1.7080523320e-01
8.3211000000e+00,-6.1797406830e-03,-1.8060430478e-01
8.9780000000e+00,-1.5387812892e-02,-1.7785557516e-01
8.9780000000e+00,-1.3430501882e-02,-1.7452399038e-01
8.9780000000e+00,-1.7693420112e-02,-1.7319859377e-01
8.9780000000e+00,-1.6725548189e-02,-1.7029059909e-01
8.9780000000e+00,-1.5042202108e-02,-1.6894165933e-01
8.9780000000e+00,-1.4773414477e-02,-1.6686730244e-01
8.9780000000e+00,-1.6698552279e-02,-1.6329844106e-01
8.9780000000e+00,-1.3312353195e-02,-1.5810052768e-01
8.9780000000e+00,-1.8749808129e-02,-1.5304574739e-01
8.9780000000e+00,-1.3966050469e-02,-1.6527095641e-01
9.6868000000e+00,-2.4147000140e-02,-1.5669031235e-01
9.6868000000e+00,-2.0792480620e-02,-1.6066011562e-01
9.6868000000e+00,-2.5150113846e-02,-1.5815274697e-01
9.6868000000e+00,-2.2013754580e-02,-1.5486320095e-01
9.6868000000e+00,-2.3723242817e-02,-1.6325534800e-01
9.6868000000e+00,-2.1679221801e-02,-1.5272903765e-01
9.6868000000e+00,-2.3870576459e-02,-1.5039745337e-01
9.6868000000e+00,-2.0551140341e-02,-1.4530386482e-01
9.6868000000e+00,-1.9855424260e-02,-1.4380574059e-01
9.6868000000e+00,-2.1625261271e-02,-1.5289828147e-01
1.0452000000e+01,-2.7645911060e-02,-1.4618889151e-01
1.0452000000e+01,-3.0942715590e-02,-1.4348141605e-01
1.0452000000e+01,-3.0283099936e-02,-1.4200695004e-01
1.0452000000e+01,-2.9096647226e-02,-1.4142792235e-01
1.0452000000e+01,-3.0640246629e-02,-1.4893078186e-01
1.0452000000e+01,-2.8608069703e-02,-1.3877187917e-01
1.0452000000e+01,-2.9325162450e-02,-1.3644423200e-01
1.0452000000e+01,-2.5460489870e-02,-1.3252647266e-01
1.0452000000e+01,-2.5346461133e-02,-1.3122453813e-01
1.0452000000e+01,-2.7846216129e-02,-1.3900834920e-01
1.1277000000e+01,-3.6042127085e-02,-1.3440121865e-01
1.1277000000e+01,-3.4706960753e-02,-1.3401888104e-01
1.1277000000e+01,-3.6262402604e-02,-1.2956098856e-01
1.1277000000e+01,-3.5802487748e-02,-1.2841237468e-01
1.1277000000e+01,-3.3483491106e-02,-1.2755857566e-01
1.1277000000e+01,-3.3031318469e-02,-1.2573357547e-01
1.1277000000e+01,-3.3969179356e-02,-1.2288122295e-01
1.1277000000e+01,-3.0373479881e-02,-1.1979958189e-01
1.1277000000e+01,-2.9882684644e-02,-1.1886117431e-01
1.1277000000e+01,-3.3200522443e-02,-1.2530627362e-01
1.2167000000e+01,-3.9134225474e-02,-1.1633408785e-01
1.2167000000e+01,-4.0600095570e-02,-1.1997661372e-01
1.2167000000e+01,-3.8011163869e-02,-1.1915391862e-01
1.2167000000e+01,-4.0782364992e-02,-1.1606342708e-01
1.2167000000e+01,-3.9909841608e-02,-1.1486411338e-01
1.2167000000e+01,-3.7229726685e-02,-1.1253136608e-01
1.2167000000e+01,-3.7449372640e-02,-1.1221601708e-01
1.2167000000e+01,-3.8156083081e-02,-1.0985207064e-01
1.2167000000e+01,-3.4447030652e-02,-1.0775805761e-01
1.2167000000e+01,-3.3621811856e-02,-1.0743173957e-01
1.3127000000e+01,-4.4252398710e-02,-1.0611232779e-01
1.3127000000e+01,-4.3996196283e-02,-1.0220248340e-01
1.3127000000e+01,-4.3145710919e-02,-1.0122869766e-01
1.3127000000e+01,-4.1536032944e-02,-1.0113262019e-01
1.3127000000e+01,-5.2398542827e-02,-1.0978668047e-01
1.3127000000e+01,-4.0763492324e-02,-9.8941789925e-02
1.3127000000e+01,-4.1341112593e-02,-9.7399530336e-02
1.3127000000e+01,-3.7373299866e-02,-9.5787206124e-02
1.3127000000e+01,-3.6907321438e-02,-9.5013549161e-02
1.3127000000e+01,-4.0766889043e-02,-9.9599825089e-02
1.4164000000e+01,-4.7022906845e-02,-9.2638967675e-02
1.4164000000e+01,-4.4010864627e-02,-9.2426515107e-02
1.4164000000e+01,-4.6634554078e-02,-8.8923486582e-02
1.4164000000e+01,-4.5568287950e-02,-8.7978289221e-02
1.4164000000e+01,-4.3923280979e-02,-8.8164592599e-02
1.4164000000e+01,-4.4359771011e-02,-8.6810833770e-02
1.4164000000e+01,-4.3514598555e-02,-8.4884334577e-02
1.4164000000e+01,-4.0818646645e-02,-8.3708034179e-02
1.4164000000e+01,-3.9367805294e-02,-8.3124969067e-02
1.4164000000e+01,-4.3127472956e-02,-8.6697504580e-02
1.5282000000e+01,-4.6752707406e-02,-7.4770329718e-02
1.5282000000e+01,-4.6133711580e-02,-7.9281291519e-02
1.5282000000e+01,-4.8375990598e-02,-7.5689055468e-02
1.5282000000e+01,-4.5484204209e-02,-7.5194795887e-02
1.5282000000e+01,-4.8408844958e-02,-7.8779280435e-02
1.5282000000e+01,-4.4755642970e-02,-7.3607511426e-02
1.5282000000e+01,-4.4586288625e-02,-7.2089035475e-02
1.5282000000e+01,-4.1640931666e-02,-7.1478161273e-02
1.5282000000e+01,-4.0858660620e-02,-7.1410198021e-02
1.5282000000e+01,-4.4975132414e-02,-7.4068570800e-02
1.6488000000e+01,-4.9950964558e-02,-6.6213869422e-02
1.6488000000e+01,-4.6511007973e-02,-6.7016466352e-02
1.6488000000e+01,-4.5966919747e-02,-6.1983405142e-02
1.6488000000e+01,-4.6792810543e-02,-6.1348476187e-02
1.6488000000e+01,-5.3150144364e-02,-6.4175159393e-02
1.6488000000e+01,-4.5171989960e-02,-6.0682895638e-02
1.6488000000e+01,-4.4903374257e-02,-5.9485770915e-02
1.6488000000e+01,-4.1515485916e-02,-5.9933637409e-02
1.6488000000e+01,-4.2182434903e-02,-5.9412159375e-02
1.6488000000e+01,-4.5077931773e-02,-6.1154532098e-02
1.7790000000e+01,-4.6043394222e-02,-5.3643708713e-02
1.7790000000e+01,-4.7512640606e-02,-5.1628827980e-02
1.7790000000e+01,-4.6522897260e-02,-4.8732698536e-02
1.7790000000e+01,-4.5036813095e-02,-4.9372735900e-02
1.7790000000e+01,-4.5365550660e-02,-4.8229951091e-02
1.7790000000e+01,-4.3985958765e-02,-4.8298257810e-02
1.7790000000e+01,-4.3558948431e-02,-4.7010827823e-02
1.7790000000e+01,-4.1460429590e-02,-4.7625597259e-02
1.7790000000e+01,-4.1151539582e-02,-4.7799101655e-02
1.7790000000e+01,-4.4029858951e-02,-4.7671823510e-02
1.9195000000e+01,-4.3131160678e-02,-3.5647958071e-02
1.9195000000e+01,-4.4282174809e-02,-3.9097188878e-02
1.9195000000e+01,-4.5532454270e-02,-3.6288149362e-02
1.9195000000e+01,-4.2019736399e-02,-3.5084452881e-02
1.9195000000e+01,-4.3283558421e-02,-4.0411238863e-02
1.9195000000e+01,-4.1003773882e-02,-3.4902577791e-02
1.9195000000e+01,-3.8878895006e-02,-3.5172812044e-02
1.9195000000e+01,-4.0956455130e-02,-3.5416918262e-02
1.9195000000e+01,-4.0627320425e-02,-3.4316753869e-02
1.9195000000e+01,-3.9001099646e-02,-3.5113525420e-02
2.0710000000e+01,-3.8802713377e-02,-2.7519983205e-02
2.0710000000e+01,-3.8899713620e-02,-2.4998997585e-02
2.0710000000e+01,-3.7155666605e-02,-2.2657444695e-02
2.0710000000e+01,-3.5948666703e-02,-2.2372713878e-02
2.0710000000e+01,-3.6393895334e-02,-2.2969146228e-02
2.0710000000e+01,-3.5267890072e-02,-2.2159987226e-02
2.0710000000e+01,-3.5184851418e-02,-2.1936421761e-02
2.0710000000e+01,-3.4256791904e-02,-2.2862117868e-02
2.0710000000e+01,-3.3979675915e-02,-2.2864285702e-02
2.0710000000e+01,-3.5470788434e-02,-2.3036714021e-02
2.2345000000e+01,-3.1030203234e-02,-1.5711284105e-02
2.2345000000e+01,-2.9943864911e-02,-1.3278572596e-02
2.2345000000e+01,-2.7838753005e-02,-1.1403985582e-02
2.2345000000e+01,-2.7204750277e-02,-1.1392874895e-02
2.2345000000e+01,-2.6807079134e-02,-1.1213735877e-02
2.2345000000e+01,-2.6615066639e-02,-1.1453770245e-02
2.2345000000e+01,-2.5961040871e-02,-1.1683677413e-02
2.2345000000e+01,-2.6176467424e-02,-1.0959171374e-02
2.2345000000e+01,-2.5768285185e-02,-1.1578340928e-02
2.2345000000e+01,-2.6317132594e-02,-1.0977875798e-02
2.4109000000e+01,-2.7584623114e-02,-1.6703953773e-02
2.4109000000e+01,-1.9768963656e-02,-6.1953341289e-03
2.4109000000e+01,-1.7405950207e-02,-4.7216652120e-03
2.4109000000e+01,-1.4893726128e-02,-3.5973053831e-03
2.4109000000e+01,-1.4222784252e-02,-3.4277263786e-03
2.4109000000e+01,-1.4110807582e-02,-3.6210127551e-03
2.4109000000e+01,-1.3539181287e-02,-3.4425964141e-03
2.4109000000e+01,-1.3438372711e-02,-3.4412966846e-03
2.4109000000e+01,-1.3186686363e-02,-3.1166974146e-03
2.4109000000e+01,-1.3990313612e-02,-3.5349717180e-03
2.6012000000e+01,1.5230394802e-03,-1.8258718552e-03
2.6012000000e+01,-2.3738513883e-03,-1.8652588524e-03
2.6012000000e+01,1.9045242799e-03,-2.0470474511e-03
2.6012000000e+01,1.4958215366e-03,-1.7272191351e-03
2.6012000000e+01,-5.2650921040e-03,-1.7663995545e-03
2.6012000000e+01,8.1108149278e-04,-2.0230677132e-03
2.6012000000e+01,1.1818350081e-03,-1.7998711770e-03
2.6012000000e+01,3.6227606549e-04,-1.9337576923e-03
2.6012000000e+01,8.8556994307e-04,-1.6311044957e-03
2.6012000000e+01,1.0595453012e-03,-2.0208847059e-03
2.8066000000e+01,1.4270977991e-02,-8.4086433612e-03
2.8066000000e+01,1.4125267827e-02,-8.4542446634e-03
2.8066000000e+01,1.4151549643e-02,-8.3689977720e-03
2.8066000000e+01,1.4125567262e-02,-8.1557998086e-03
2.8066000000e+01,1.4730356363e-02,-8.6177118434e-03
2.8066000000e+01,1.3568652099e-02,-7.8902532411e-03
2.8066000000e+01,1.3230984566e-02,-8.3134182753e-03
2.8066000000e+01,1.1373028046e-02,-7.0312071551e-03
2.8066000000e+01,9.0066153269e-03,-4.9099332330e-03
2.8066000000e+01,1.3957596525e-02,-8.2922086474e-03
3.0282000000e+01,2.0002862292e-02,-2.0277248066e-02
3.0282000000e+01,1.9749537619e-02,-1.9883570827e-02
3.0282000000e+01,1.9810680500e-02,-1.9590106154e-02
3.0282000000e+01,1.9744928351e-02,-1.9559873554e-02
3.0282000000e+01,1.9160143519e-02,-1.9730785826e-02
3.0282000000e+01,1.9157201438e-02,-1.9603819349e-02
3.0282000000e+01,1.9170886154e-02,-1.9055131174e-02
3.0282000000e+01,1.8550961289e-02,-1.8065466262e-02
3.0282000000e+01,1.7253638694e-02,-1.6237924770e-02
3.0282000000e+01,1.8779819121e-02,-1.9823991596e-02
3.2672000000e+01,1.7263394879e-02,-3.0249536166e-02
3.2672000000e+01,1.7289628903e-02,-3.0564721304e-02
3.2672000000e+01,1.7685973065e-02,-3.0185370326e-02
3.2672000000e+01,1.7557610715e-02,-3.0152644494e-02
3.2672000000e+01,1.6579085105e-02,-2.9814408146e-02
3.2672000000e+01,1.7501151189e-02,-2.9012060097e-02
3.2672000000e+01,1.6477050288e-02,-2.9540437350e-02
3.2672000000e+01,1.6165828965e-02,-2.9423547676e-02
3.2672000000e+01,1.6465961534e-02,-2.9217624044e-02
3.2672000000e+01,1.8700202296e-02,-2.6138434442e-02
3.5252000000e+01,1.1163352439e-02,-3.5961135665e-02
3.5252000000e+01,1.0686317556e-02,-3.5981645906e-02
3.5252000000e+01,1.0656762286e-02,-3.5855853826e-02
3.5252000000e+01,1.1500129635e-02,-3.5558591119e-02
3.5252000000e+01,1.1062174901e-02,-3.5497254083e-02
3.5252000000e+01,1.3495269374e-02,-3.3827416462e-02
3.5252000000e+01,1.0685695982e-02,-3.4704138736e-02
3.5252000000e+01,1.0218497677e-02,-3.4431691234e-02
3.5252000000e+01,9.9676817216e-03,-3.4340644797e-02
3.5252000000e+01,1.0129891911e-02,-3.5428242884e-02
3.8035000000e+01,3.5644634935e-03,-3.7055959426e-02
3.8035000000e+01,4.1737305074e-03,-3.7312290182e-02
3.8035000000e+01,3.8449177365e-03,-3.7344589589e-02
3.8035000000e+01,6.4346316940e-03,-3.6736727276e-02
3.8035000000e+01,3.4687579440e-03,-3.6952549889e-02
3.8035000000e+01,3.6260538187e-03,-3.5218826765e-02
3.8035000000e+01,3.1217052262e-03,-3.6682409701e-02
3.8035000000e+01,3.7203238752e-03,-3.5922867581e-02
3.8035000000e+01,3.3024725655e-03,-3.5332999363e-02
3.8035000000e+01,3.8064069523e-03,-3.6861994386e-02
4.1037000000e+01,-2.7347772352e-03,-3.5398517052e-02
4.1037000000e+01,-3.3032360104e-03,-3.7099233791e-02
4.1037000000e+01,-3.2461215822e-03,-3.6457771444e-02
4.1037000000e+01,-7.5814222720e-05,-3.6038920256e-02
4.1037000000e+01,-2.4752249112e-03,-3.5250203271e-02
4.1037000000e+01,-2.4489541612e-03,-3.5228982664e-02
4.1037000000e+01,-2.0643043839e-03,-3.5184494773e-02
4.1037000000e+01,-2.1738664029e-03,-3.4403387753e-02
4.1037000000e+01,-2.0225254832e-03,-3.3892707175e-02
4.1037000000e+01,-2.1625964884e-03,-3.3532336340e-02
4.4277000000e+01,-5.3486464563e-03,-3.3808525879e-02
4.4277000000e+01,-6.9030519515e-03,-3.2951703488e-02
4.4277000000e+01,-7.2607356958e-03,-3.2621743012e-02
4.4277000000e+01,-7.2264196639e-03,-3.2482881458e-02
4.4277000000e+01,-6.9333115497e-03,-3.2087486267e-02
4.4277000000e+01,-7.2807426988e-03,-3.1986853718e-02
4.4277000000e+01,-7.0270396322e-03,-3.1736347285e-02
4.4277000000e+01,-6.4016977739e-03,-3.1322502544e-02
4.4277000000e+01,-6.2301686549e-03,-3.0576739910e-02
4.4277000000e+01,-6.5381497825e-03,-3.2154003505e-02
4.7773000000e+01,-9.9123635797e-03,-2.8436917436e-02
4.7773000000e+01,-8.8511065676e-03,-3.0021414249e-02
4.7773000000e+01,-1.0064870579e-02,-2.9146107892e-02
4.7773000000e+01,-9.9599770964e-03,-2.8730564217e-02
4.7773000000e+01,-9.6838664707e-03,-2.8503921593e-02
4.7773000000e+01,-9.0904157627e-03,-2.7239181288e-02
4.7773000000e+01,-1.0067734429e-02,-2.8209272012e-02
4.7773000000e+01,-9.4521562111e-03,-2.7867634847e-02
4.7773000000e+01,-8.9983165092e-03,-2.7456069438e-02
4.7773000000e+01,-9.9116098640e-03,-2.8334436891e-02
5.1544000000e+01,-1.1980949181e-02,-2.4878396767e-02
5.1544000000e+01,-3.9962195337e-01,-4.0581953733e-01
5.1544000000e+01,-1.2155805475e-02,-2.5726766397e-02
5.1544000000e+01,-1.2096372536e-02,-2.5150233309e-02
5.1544000000e+01,-1.1773511435e-02,-2.4617460724e-02
5.1544000000e+01,-1.1561111620e-02,-2.4659398271e-02
5.1544000000e+01,-1.1995894581e-02,-2.4401823584e-02
5.1544000000e+01,-1.1759619939e-02,-2.4468862722e-02
5.1544000000e+01,-1.0709321987e-02,-2.3801689490e-02
5.1544000000e+01,-1.0894106767e-02,-2.3672556236e-02
5.5613000000e+01,-1.3516441570e-02,-2.1587651732e-02
5.5613000000e+01,-1.3056120993e-02,-2.1314026593e-02
5.5613000000e+01,-1.2986493536e-02,-2.1129140698e-02
5.5613000000e+01,-1.2904352483e-02,-2.0734313854e-02
5.5613000000e+01,-1.2427592269e-02,-2.2264387582e-02
5.5613000000e+01,-1.2684260771e-02,-2.0720920677e-02
5.5613000000e+01,-1.2360402796e-02,-2.0545485434e-02
5.5613000000e+01,-1.1796466847e-02,-2.0446011712e-02
5.5613000000e+01,-1.1755387554e-02,-2.0132233668e-02
5.5613000000e+01,-1.2541017711e-02,-2.0902446047e-02
6.0004000000e+01,-1.3023741141e-02,-1.8749544199e-02
6.0004000000e+01,-1.3536456432e-02,-1.7921245165e-02
6.0004000000e+01,-1.2938573770e-02,-1.8088972021e-02
6.0004000000e+01,-1.3150134969e-02,-1.7884897297e-02
6.0004000000e+01,-1.3243641054e-02,-1.7584714033e-02
6.0004000000e+01,-1.3105138288e-02,-1.7466145724e-02
6.0004000000e+01,-1.3184591269e-02,-1.7314581198e-02
6.0004000000e+01,-1.2683086511e-02,-1.7195580989e-02
6.0004000000e+01,-1.2126730222e-02,-1.7229195429e-02
6.0004000000e+01,-1.3044223372e-02,-1.7486740481e-02
6.4741000000e+01,-1.2962828830e-02,-1.4514016285e-02
6.4741000000e+01,-1.3360620925e-02,-1.4854435347e-02
6.4741000000e+01,-1.3084899763e-02,-1.4536188021e-02
6.4741000000e+01,-1.3080221699e-02,-1.4313626385e-02
6.4741000000e+01,-1.3039568526e-02,-1.5588264229e-02
6.4741000000e+01,-1.2886770987e-02,-1.4449202557e-02
6.4741000000e+01,-1.2656116346e-02,-1.4386335184e-02
6.4741000000e+01,-1.2159707638e-02,-1.4398375817e-02
6.4741000000e+01,-1.2150185764e-02,-1.4170128507e-02
6.4741000000e+01,-1.2810290356e-02,-1.4541048861e-02
6.9852000000e+01,-1.2821334007e-02,-1.2016179853e-02
6.9852000000e+01,-1.2600456061e-02,-1.1823381414e-02
6.9852000000e+01,-1.2485586001e-02,-1.1816963367e-02
6.9852000000e+01,-1.2609942185e-02,-1.1665035023e-02
6.9852000000e+01,-1.2973596089e-02,-1.2963078512e-02
6.9852000000e+01,-1.2451210160e-02,-1.1751425724e-02
6.9852000000e+01,-1.1855307970e-02,-1.1883663953e-02
6.9852000000e+01,-1.2119384274e-02,-1.1611338459e-02
6.9852000000e+01,-1.1750252530e-02,-1.1644844975e-02
6.9852000000e+01,-1.2357456587e-02,-1.1877409932e-02
7.5367000000e+01,-1.2487846063e-02,-1.0166627254e-02
7.5367000000e+01,-1.2128733563e-02,-1.0349152533e-02
7.5367000000e+01,-1.2101370608e-02,-9.6741861888e-03
7.5367000000e+01,-1.2011125588e-02,-9.5274562767e-03
7.5367000000e+01,-1.1704946481e-02,-9.5838724885e-03
7.5367000000e+01,-1.1873579249e-02,-9.3450637143e-03
7.5367000000e+01,-1.1556818210e-02,-9.4490812704e-03
7.5367000000e+01,-1.1249268335e-02,-9.5696041150e-03
7.5367000000e+01,-1.1146809361e-02,-9.4306861934e-03
7.5367000000e+01,-1.1708769902e-02,-9.4412069341e-03
8.1317000000e+01,-1.0992888755e-02,-7.7289223578e-03
8.1317000000e+01,-1.1526905256e-02,-8.4290482982e-03
8.1317000000e+01,-1.1502308161e-02,-7.8859256248e-03
8.1317000000e+01,-1.1301774356e-02,-7.6706047614e-03
8.1317000000e+01,-1.1042205594e-02,-7.6372227686e-03
8.1317000000e+01,-1.1063939295e-02,-7.4062030276e-03
8.1317000000e+01,-1.0876413287e-02,-7.4760175227e-03
8.1317000000e+01,-1.0800400188e-02,-7.4875576644e-03
8.1317000000e+01,-1.0523258207e-02,-7.6516114446e-03
8.1317000000e+01,-1.0504099987e-02,-7.6184289370e-03
8.7736000000e+01,-1.0706498094e-02,-6.3422420771e-03
8.7736000000e+01,-1.0461376862e-02,-6.4976010303e-03
8.7736000000e+01,-1.0187012771e-02,-5.9194843368e-03
8.7736000000e+01,-1.0190864857e-02,-5.7619547436e-03
8.7736000000e+01,-1.5518139602e-02,-1.2135787707e-02
8.7736000000e+01,-1.0095385154e-02,-5.8959884315e-03
8.7736000000e+01,-1.0017709103e-02,-5.8802177110e-03
8.7736000000e+01,-9.9938397022e-03,-5.9187323818e-03
8.7736000000e+01,-9.7437406883e-03,-6.0249027709e-03
8.7736000000e+01,-1.0057306102e-02,-5.9685525025e-03
9.4663000000e+01,-2.3030896099e-02,-1.7661040566e-02
9.4663000000e+01,-9.5300385328e-03,-4.9977481493e-03
9.4663000000e+01,-9.4419937612e-03,-4.5818968576e-03
9.4663000000e+01,-9.3863227247e-03,-4.6702464290e-03
9.4663000000e+01,-9.2440713906e-03,-4.5018516331e-03
9.4663000000e+01,-9.2289193398e-03,-4.3740618217e-03
9.4663000000e+01,-8.9719929240e-03,-4.7096742958e-03
9.4663000000e+01,-9.0707729217e-03,-4.4714480432e-03
9.4663000000e+01,-8.9816431157e-03,-4.4644133928e-03
9.4663000000e+01,-8.9611258147e-03,-4.8027193477e-03
1.0214000000e+02,-8.6222693676e-03,-3.5199861594e-03
1.0214000000e+02,-8.8405893242e-03,-3.8644111182e-03
1.0214000000e+02,-8.6123516112e-03,-3.7810677547e-03
1.0214000000e+02,-8.3059518473e-03,-3.3492562683e-03
1.0214000000e+02,-9.2402632858e-03,-4.1441118963e-03
1.0214000000e+02,-8.2555180648e-03,-3.3692991914e-03
1.0214000000e+02,-8.2387182560e-03,-3.3691723760e-03
1.0214000000e+02,-8.1354220633e-03,-3.5107179054e-03
1.0214000000e+02,-7.9384677304e-03,-3.4436318522e-03
1.0214000000e+02,-8.2677353791e-03,-3.4419940530e-03
1.1020000000e+02,-7.5789105748e-03,-2.6510690559e-03
1.1020000000e+02,-7.6202220543e-03,-2.4392246828e-03
1.1020000000e+02,-7.5129861421e-03,-2.3141039126e-03
1.1020000000e+02,-7.3875511050e-03,-2.4349847886e-03
1.1020000000e+02,-7.7261581333e-03,-2.7312247415e-03
1.1020000000e+02,-7.3011713532e-03,-2.3903353574e-03
1.1020000000e+02,-7.2242498676e-03,-2.5261995349e-03
1.1020000000e+02,-7.2528422092e-03,-2.3688929689e-03
1.1020000000e+02,-7.1001551018e-03,-2.4836025306e-03
1.1020000000e+02,-7.3929433847e-03,-2.3836005120e-03
1.1890000000e+02,-6.8694937156e-03,-1.9040925245e-03
1.1890000000e+02,-6.7917611382e-03,-1.6174410444e-03
1.1890000000e+02,-6.5943017951e-03,-1.7337134696e-03
1.1890000000e+02,-6.6160130049e-03,-1.4780286631e-03
1.1890000000e+02,-6.5593078847e-03,-1.6162488435e-03
1.1890000000e+02,-6.5305021213e-03,-1.6730260019e-03
1.1890000000e+02,-6.4844756094e-03,-1.6184596476e-03
1.1890000000e+02,-6.4266503616e-03,-1.7171486655e-03
1.1890000000e+02,-6.3580640947e-03,-1.7076816238e-03
1.1890000000e+02,-6.5292655111e-03,-1.6310260255e-03
1.2829000000e+02,-5.7754677048e-03,-9.5749740485e-04
1.2829000000e+02,-5.9957436215e-03,-9.7062086562e-04
1.2829000000e+02,-5.8357277563e-03,-8.0508543268e-04
1.2829000000e+02,-5.7328401789e-03,-9.9997992131e-04
1.2829000000e+02,-6.0639288914e-03,-1.1869319273e-03
1.2829000000e+02,-5.7110715114e-03,-9.7618615088e-04
1.2829000000e+02,-5.5503913058e-03,-1.0346363381e-03
1.2829000000e+02,-5.7380485730e-03,-9.6603934367e-04
1.2829000000e+02,-5.6670117864e-03,-1.0540299109e-03
1.2829000000e+02,-5.6569565359e-03,-9.4715217411e-04
1.3841000000e+02,-5.2760139646e-03,-5.6986097930e-04
1.3841000000e+02,-5.1944830183e-03,-3.0105881996e-04
1.3841000000e+02,-5.0954814046e-03,-1.9470463587e-04
1.3841000000e+02,-4.9774168063e-03,-3.5695654690e-04
1.3841000000e+02,-4.9970499118e-03,-3.9957624910e-04
1.3841000000e+02,-4.9265239620e-03,-3.3498964480e-04
1.3841000000e+02,-4.8910901151e-03,-4.3050840392e-04
1.3841000000e+02,-4.8825058544e-03,-3.7518820813e-04
1.3841000000e+02,-4.8449723898e-03,-4.8412534710e-04
1.3841000000e+02,-4.9440750584e-03,-4.0579096499e-04
1.4934000000e+02,-4.4808463681e-03,2.1923404003e-05
1.4934000000e+02,-4.3103866907e-03,3.8895370722e-04
1.4934000000e+02,-4.2620929652e-03,1.7780099999e-04
1.4934000000e+02,-4.1582765722e-03,5.6138395865e-04
1.4934000000e+02,-4.1684747104e-03,2.0062771160e-04
1.4934000000e+02,-4.1114841974e-03,2.2797924067e-04
1.4934000000e+02,-4.0116717271e-03,1.8423562079e-04
1.4934000000e+02,-3.9411886702e-03,1.6875694394e-04
1.4934000000e+02,-3.9029690951e-03,2.5206239867e-04
1.4934000000e+02,-4.0352774749e-03,-3.1446156030e-05
1.6113000000e+02,-3.2093604705e-03,5.2053535952e-04
1.6113000000e+02,-2.8846473612e-03,4.0972498308e-04
1.6113000000e+02,-2.7823486655e-03,-2.3789105373e-04
1.6113000000e+02,-2.7051923967e-03,-5.7338789777e-05
1.6113000000e+02,-2.6484579026e-03,8.7411372632e-05
1.6113000000e+02,-2.6463013451e-03,7.9658276447e-05
1.6113000000e+02,-2.3495112000e-03,2.1248513112e-04
1.6113000000e+02,-1.8943393734e-03,2.7293139847e-04
1.6113000000e+02,-1.7042859597e-03,3.6627258648e-04
1.6113000000e+02,-2.5557234209e-03,5.1805123854e-04
1.7385000000e+02,-3.1778244764e-03,-9.4620192712e-04
1.7385000000e+02,-3.2950569547e-03,-8.1436681242e-04
1.7385000000e+02,-3.2848530473e-03,-9.2608145856e-04
1.7385000000e+02,-3.1409407397e-03,-9.3761382213e-04
1.7385000000e+02,-3.2143107832e-03,-9.0099135884e-04
1.7385000000e+02,-3.1522604721e-03,-8.2842646405e-04
1.7385000000e+02,-2.8155304999e-03,-1.0264493383e-03
1.7385000000e+02,-2.7521837434e-03,-8.3236694587e-04
1.7385000000e+02,-2.6225904000e-03,-8.4382734835e-04
1.7385000000e+02,-3.1229880692e-03,-9.6979355016e-04
1.8758000000e+02,-3.0208727816e-03,-1.6174881015e-04
1.8758000000e+02,-3.0089602865e-03,-1.4391578782e-04
1.8758000000e+02,-3.0011621606e-03,-1.2099027021e-04
1.8758000000e+02,-2.9900440025e-03,-1.3522009211e-04
1.8758000000e+02,-3.2390297450e-03,-4.5906891775e-04
1.8758000000e+02,-2.9593049853e-03,-1.6676331765e-04
1.8758000000e+02,-2.9135805437e-03,-2.5821195875e-04
1.8758000000e+02,-2.9122305301e-03,-1.3374389434e-04
1.8758000000e+02,-2.8722020579e-03,-2.9193207903e-04
1.8758000000e+02,-2.9786902520e-03,-1.6397140818e-04
2.0239000000e+02,-3.6967850228e-03,-1.0674012063e-03
2.0239000000e+02,-2.7278767274e-03,7.8291508128e-05
2.0239000000e+02,-2.6521447908e-03,9.9216977818e-05
2.0239000000e+02,-2.6236906710e-03,1.3574646528e-04
2.0239000000e+02,-2.5993936625e-03,1.5978447077e-04
2.0239000000e+02,-2.5962218042e-03,1.5255436173e-04
2.0239000000e+02,-2.5450903928e-03,1.4112367878e-04
2.0239000000e+02,-2.5262169659e-03,1.3830343865e-04
2.0239000000e+02,-2.5225578534e-03,1.7178019725e-04
2.0239000000e+02,-2.5565868689e-03,1.6177290225e-04
2.1836000000e+02,-2.2242553213e-03,3.1819471350e-04
2.1836000000e+02,-5.5233600400e-03,-2.9141926614e-03
2.1836000000e+02,-4.7776903482e-03,-2.1364091126e-03
2.1836000000e+02,-2.8942578440e-03,-2.0058158564e-04
2.1836000000e+02,-2.2192070870e-03,3.0005377044e-04
2.1836000000e+02,-2.2114783084e-03,3.3760939207e-04
2.1836000000e+02,-2.2072316081e-03,3.3560600123e-04
2.1836000000e+02,-2.2068848618e-03,2.8334467822e-04
2.1836000000e+02,-2.2024015722e-03,3.0339010358e-04
2.1836000000e+02,-2.1515514558e-03,3.3903678746e-04
2.3560000000e+02,-3.0009184826e-03,-6.1704614978e-04
2.3560000000e+02,-2.0147671167e-03,3.9436336734e-04
2.3560000000e+02,-1.9722143493e-03,2.9866143124e-04
2.3560000000e+02,-1.8956217401e-03,4.1910879090e-04
2.3560000000e+02,-5.7500930553e-01,-5.7270754505e-01
2.3560000000e+02,-1.8656869532e-03,4.4490020522e-04
2.3560000000e+02,-1.8671025566e-03,4.2064385544e-04
2.3560000000e+02,-1.8341072303e-03,4.3678808099e-04
2.3560000000e+02,-1.8327438218e-03,4.4033861254e-04
2.3560000000e+02,-1.8760955465e-03,4.2030496137e-04
2.5420000000e+02,-1.7368853512e-03,3.2754469448e-04
2.5420000000e+02,-1.6833314100e-03,4.8713563198e-04
2.5420000000e+02,-1.6827631127e-03,3.4267710264e-04
2.5420000000e+02,-1.6523564853e-03,4.2524873350e-04
2.5420000000e+02,-1.5959371616e-03,5.0523319005e-04
2.5420000000e+02,-1.5962179611e-03,4.4949650799e-04
2.5420000000e+02,-1.5745896194e-03,5.0142175892e-04
2.5420000000e+02,-1.5593173394e-03,4.9466983447e-04
2.5420000000e+02,-1.5540828160e-03,5.0346356478e-04
2.5420000000e+02,-1.5727680221e-03,5.0743226990e-04
2.7427000000e+02,-1.3579329376e-03,5.1468726132e-04
2.7427000000e+02,-1.4796969265e-03,3.4286180281e-04
2.7427000000e+02,-1.4194884642e-03,5.2539267209e-04
2.7427000000e+02,-1.3612233414e-03,4.8456890625e-04
2.7427000000e+02,-1.7250381337e-03,2.0939132591e-04
2.7427000000e+02,-1.3147777594e-03,5.4012721042e-04
2.7427000000e+02,-1.2986860115e-03,5.3245432072e-04
2.7427000000e+02,-1.2914594929e-03,5.3659540454e-04
2.7427000000e+02,-1.2722332761e-03,5.6782808241e-04
2.7427000000e+02,-1.3410135911e-03,5.2877670001e-04
2.9592000000e+02,-1.1626739695e-03,5.6982127084e-04
2.9592000000e+02,-1.1557178609e-03,5.0216355492e-04
2.9592000000e+02,-1.1279204153e-03,5.3085506200e-04
2.9592000000e+02,-1.0976908684e-03,5.7999742011e-04
2.9592000000e+02,-8.5694158462e-03,-6.6369445571e-03
2.9592000000e+02,-1.0844570609e-03,5.5208558500e-04
2.9592000000e+02,-1.0858292752e-03,5.4270433497e-04
2.9592000000e+02,-1.0593074719e-03,5.7457261510e-04
2.9592000000e+02,-1.0691381964e-03,5.3449565658e-04
2.9592000000e+02,-1.1184617887e-03,5.0915462991e-04
3.1929000000e+02,-9.5200968102e-04,5.6471690009e-04
3.1929000000e+02,-8.9775497792e-04,5.6246276288e-04
3.1929000000e+02,-9.0522196158e-04,5.3696317404e-04
3.1929000000e+02,-8.8526864273e-04,5.5451653736e-04
3.1929000000e+02,-9.0073907205e-04,5.2545310361e-04
3.1929000000e+02,-8.7479501332e-04,5.6206558752e-04
3.1929000000e+02,-8.8245982969e-04,5.2417707790e-04
3.1929000000e+02,-8.4072738518e-04,5.8073462426e-04
3.1929000000e+02,-8.4810640056e-04,5.6270096262e-04
3.1929000000e+02,-8.7588665956e-04,5.4839595149e-04
3.4449000000e+02,-7.4034632369e-04,5.1897820561e-04
3.4449000000e+02,-9.6493382646e-04,2.8626030210e-04
3.4449000000e+02,-8.3414764563e-04,5.0363981703e-04
3.4449000000e+02,-7.0512427766e-04,5.5450925569e-04
3.4449000000e+02,-4.7947313578e-03,-3.4490741028e-03
3.4449000000e+02,-7.0708239512e-04,5.4031351882e-04
3.4449000000e+02,-6.8219418773e-04,5.3416230102e-04
3.4449000000e+02,-7.1990739741e-04,5.2786989794e-04
3.4449000000e+02,-6.9693813368e-04,5.3599203532e-04
3.4449000000e+02,-6.8093148510e-04,5.3924104137e-04
3.7169000000e+02,-6.0006233351e-04,5.2830810708e-04
3.7169000000e+02,-6.8241722701e-04,4.0120936266e-04
3.7169000000e+02,-5.9350160489e-04,4.8150720928e-04
3.7169000000e+02,-6.1396942722e-04,4.4670757866e-04
3.7169000000e+02,-5.7739154896e-04,4.9768443575e-04
3.7169000000e+02,-5.5947673581e-04,4.9646230692e-04
3.7169000000e+02,-5.2154500881e-04,5.1810841171e-04
3.7169000000e+02,-5.4597833515e-04,4.9145714528e-04
3.7169000000e+02,-5.1650543003e-04,5.1136039459e-04
3.7169000000e+02,-5.7640450015e-04,4.9004171843e-04
4.0103000000e+02,-4.1297250247e-03,-3.1845872920e-03
4.0103000000e+02,-9.5895596481e-04,-2.4931425161e-05
4.0103000000e+02,-8.4195710211e-04,5.6489474323e-05
4.0103000000e+02,-6.1620882814e-04,3.5922245617e-04
4.0103000000e+02,-4.1747469413e-04,4.8129981992e-04
4.0103000000e+02,-5.1267885662e-04,3.7418868779e-04
4.0103000000e+02,-4.1582493128e-04,4.7153021390e-04
4.0103000000e+02,-3.8465236771e-04,4.7702635159e-04
4.0103000000e+02,-3.6276106083e-04,4.8499106718e-04
4.0103000000e+02,-4.0534011443e-04,4.8113549654e-04
4.3269000000e+02,-3.2026511349e-04,4.5213252701e-04
4.3269000000e+02,-2.5704327053e-04,4.4737398078e-04
4.3269000000e+02,-2.5907727897e-04,4.4257606400e-04
4.3269000000e+02,-2.6968568007e-04,4.3535793132e-04
4.3269000000e+02,-2.4710587766e-04,4.4342632096e-04
4.3269000000e+02,-2.5991831057e-04,4.2469612457e-04
4.3269000000e+02,-2.4377399250e-04,4.2320093653e-04
4.3269000000e+02,-3.0942686340e-04,3.7636164670e-04
4.3269000000e+02,-2.0161899468e-04,4.3661633889e-04
4.3269000000e+02,-2.4280873238e-04,4.3777194917e-04
4.6685000000e+02,-4.3390628778e-04,1.1621520308e-04
4.6685000000e+02,-1.7546145934e-03,-1.0745389144e-03
4.6685000000e+02,-4.4510306226e-04,1.3272394233e-04
4.6685000000e+02,-2.7332696916e-02,-2.6775069062e-02
4.6685000000e+02,-3.3791856866e-04,2.6601248948e-04
4.6685000000e+02,-3.2136932335e-04,2.2575753722e-04
4.6685000000e+02,-3.0767794506e-04,2.9295615324e-04
4.6685000000e+02,-2.8419116242e-04,2.1322843925e-04
4.6685000000e+02,-2.3820354913e-04,2.4462285826e-04
4.6685000000e+02,-3.1547707934e-04,2.8661162801e-04
5.0371000000e+02,-8.0177541790e-04,-2.0805472394e-04
5.0371000000e+02,-3.1567281141e-04,2.5752143257e-04
5.0371000000e+02,-2.0367299462e-04,3.3908275356e-04
5.0371000000e+02,-2.1400475887e-04,3.2670946846e-04
5.0371000000e+02,-2.0204502146e-04,3.3341959886e-04
5.0371000000e+02,-2.6445973162e-04,2.7986524052e-04
5.0371000000e+02,-2.3317505736e-04,3.0106150970e-04
5.0371000000e+02,-2.0028947352e-04,3.1811943229e-04
5.0371000000e+02,-1.9181638395e-04,3.1632590543e-04
5.0371000000e+02,-2.1348317459e-04,3.2091888035e-04
5.4348000000e+02,-1.3578191925e-04,2.9755344949e-04
5.4348000000e+02,-2.6681023755e-04,2.1046787413e-04
5.4348000000e+02,-1.2567984010e-04,3.0583328840e-04
5.4348000000e+02,-1.3981119578e-04,2.9682055106e-04
5.4348000000e+02,-1.3558667030e-04,2.9594938036e-04
5.4348000000e+02,-1.1779407919e-04,2.7930691329e-04
5.4348000000e+02,-1.5512804156e-04,2.7596772841e-04
5.4348000000e+02,-1.3348164376e-04,2.7960200228e-04
5.4348000000e+02,-2.0525174271e-04,2.2456093831e-04
5.4348000000e+02,-1.1962873736e-04,2.9428420634e-04
5.8638000000e+02,-7.6342656003e-05,2.5817937907e-04
5.8638000000e+02,-2.1635980627e-04,1.6399772661e-04
5.8638000000e+02,-7.2178541638e-05,2.6130450862e-04
5.8638000000e+02,-7.4665417443e-05,2.5926263795e-04
5.8638000000e+02,-7.0274652059e-05,2.4840067588e-04
5.8638000000e+02,-1.0657611412e-04,2.3479385512e-04
5.8638000000e+02,-7.0574957854e-05,2.4160311530e-04
5.8638000000e+02,-1.1697280584e-04,2.2245029016e-04
5.8638000000e+02,-1.0883135498e-04,2.1649450864e-04
5.8638000000e+02,-6.9790512331e-05,2.2909549207e-04
6.3267000000e+02,-4.1169524172e-05,2.1234585063e-04
6.3267000000e+02,-1.9200752745e-04,9.5822635658e-05
6.3267000000e+02,-3.2721359684e-05,2.0589614620e-04
6.3267000000e+02,-4.4979955263e-05,2.0304759177e-04
6.3267000000e+02,-3.0429679254e-05,2.1468414827e-04
6.3267000000e+02,-3.2030231346e-05,2.0233039015e-04
6.3267000000e+02,-5.7459265697e-05,1.9532381520e-04
6.3267000000e+02,-5.6459879628e-05,1.8809921343e-04
6.3267000000e+02,-1.4651095157e-04,1.0765415537e-04
6.3267000000e+02,-6.1392387429e-05,1.9554942180e-04
6.8262000000e+02,-1.6770398872e-02,-1.6323422763e-02
6.8262000000e+02,-1.1414887310e-05,1.8007857715e-04
6.8262000000e+02,-2.5755470284e-05,1.7357962481e-04
6.8262000000e+02,-1.7962424927e-05,1.7258777967e-04
6.8262000000e+02,-1.1351993274e-05,1.7252693195e-04
6.8262000000e+02,-2.3309673272e-05,1.7096830593e-04
6.8262000000e+02,-1.0524583568e-04,1.2187688449e-04
6.8262000000e+02,-8.0602784429e-06,1.6009722643e-04
6.8262000000e+02,-6.0588186491e-05,1.3024743436e-04
6.8262000000e+02,-9.0066880080e-06,1.7171395421e-04
7.3651000000e+02,1.0493569610e-05,1.4570261287e-04
7.3651000000e+02,3.9300589923e-06,1.4941832396e-04
7.3651000000e+02,3.3722256972e-06,1.6291510241e-04
7.3651000000e+02,4.3439595669e-06,1.4574527819e-04
7.3651000000e+02,9.1937041550e-06,1.4882630112e-04
7.3651000000e+02,4.9546686631e-06,1.3874155887e-04
7.3651000000e+02,-5.9322256309e-06,1.3441916232e-04
7.3651000000e+02,-2.9547973004e-06,1.3186689946e-04
7.3651000000e+02,-8.6965568743e-05,8.9077213434e-05
7.3651000000e+02,5.6445863947e-06,1.3896540952e-04
7.9466000000e+02,2.2797885877e-05,1.2182520265e-04
7.9466000000e+02,2.0805609820e-05,1.1892375499e-04
7.9466000000e+02,-1.1912127186e-05,1.1836208357e-04
7.9466000000e+02,2.3108396381e-05,1.1663280849e-04
7.9466000000e+02,-1.1663713798e-02,-1.1412050843e-02
7.9466000000e+02,9.5250537270e-06,1.1676213364e-04
7.9466000000e+02,1.8718596650e-05,1.1220941021e-04
7.9466000000e+02,-2.2446069174e-06,1.0107507972e-04
7.9466000000e+02,-1.5288457916e-06,9.2070307480e-05
7.9466000000e+02,1.8263056187e-05,1.1657813165e-04
8.5739000000e+02,-2.5840956094e-03,-2.4266779538e-03
8.5739000000e+02,-9.7095404320e-04,-8.3067507847e-04
8.5739000000e+02,-5.3299353577e-04,-4.3463110615e-04
8.5739000000e+02,3.4390537120e-05,1.0725114385e-04
8.5739000000e+02,2.7485568301e-05,9.9275392899e-05
8.5739000000e+02,3.9650010461e-05,9.4704833934e-05
8.5739000000e+02,1.2026873919e-05,6.8785489347e-05
8.5739000000e+02,2.0099773272e-07,6.4914688822e-05
8.5739000000e+02,-1.0895024886e-05,5.0692414943e-05
8.5739000000e+02,2.5505646563e-05,8.0148523844e-05
9.2508000000e+02,-2.9728168579e-04,-2.3561589122e-04
9.2508000000e+02,-7.1142890587e-04,-6.3961358201e-04
9.2508000000e+02,-4.4714435743e-03,-4.3863572646e-03
9.2508000000e+02,-8.8921874461e-05,-3.3723740101e-05
9.2508000000e+02,-5.5684011939e-04,-4.8220677467e-04
9.2508000000e+02,2.0992553082e-05,5.6908561431e-05
9.2508000000e+02,1.6770266726e-05,5.1154179135e-05
9.2508000000e+02,-2.9011747375e-06,5.1841885712e-05
9.2508000000e+02,-1.0963188079e-05,4.9820002521e-05
9.2508000000e+02,1.1045125683e-05,6.2036419486e-05
9.9811000000e+02,-6.4167312102e-04,-5.7585584843e-04
9.9811000000e+02,3.1333925188e-05,7.0109556990e-05
9.9811000000e+02,2.8500244962e-05,6.7920814196e-05
9.9811000000e+02,3.4554179713e-05,6.3826836553e-05
9.9811000000e+02,3.6214490982e-05,6.1695536013e-05
9.9811000000e+02,3.3444902313e-05,6.0500059093e-05
9.9811000000e+02,3.3116511380e-05,5.9778889209e-05
9.9811000000e+02,3.0234632506e-05,5.8246363605e-05
9.9811000000e+02,-4.8623815226e-05,-7.0552308150e-06
9.9811000000e+02,1.9425422215e-05,4.3151183712e-05
1.0769000000e+03,-3.9281990035e-04,-3.8735429298e-04
1.0769000000e+03,3.8027086356e-05,4.5983144773e-05
1.0769000000e+03,-1.2815270769e-02,-1.2705390632e-02
1.0769000000e+03,3.4021984331e-05,4.3056706309e-05
1.0769000000e+03,3.3882892623e-05,4.3023775793e-05
1.0769000000e+03,2.3837220004e-05,2.9647608782e-05
1.0769000000e+03,2.3123947650e-05,3.8091544548e-05
1.0769000000e+03,2.3776701727e-05,2.9303142340e-05
1.0769000000e+03,-6.2320235402e-06,1.7971096895e-05
1.0769000000e+03,3.2177440622e-05,4.4212367489e-05
1.1619000000e+03,-8.0778938853e-05,-9.5379574007e-05
1.1619000000e+03,2.9749942419e-05,2.6444268606e-05
1.1619000000e+03,3.1289289191e-05,2.4795691378e-05
1.1619000000e+03,3.2153349444e-05,2.4949735941e-05
1.1619000000e+03,3.4525345014e-05,2.9350464675e-05
1.1619000000e+03,3.5542156145e-05,2.8258640900e-05
1.1619000000e+03,3.9923642856e-05,2.9625731487e-05
1.1619000000e+03,3.8434919931e-05,3.2893826943e-05
1.1619000000e+03,3.9621933080e-05,3.2425915870e-05
1.1619000000e+03,-2.7130347200e-04,-2.7233338793e-04
