omega,Re_G_fit,Im_G_fit
6.3460320000e-01,5.7534203738e-01,-1.4621257844e-01
6.4421661335e-01,5.7646613557e-01,-1.4253447062e-01
6.5397565741e-01,5.7602087445e-01,-1.4313754419e-01
6.6388253831e-01,5.7450827455e-01,-1.4662438844e-01
6.7393949556e-01,5.7235101222e-01,-1.5168060634e-01
6.8414880265e-01,5.6991197517e-01,-1.5720296965e-01
6.9451276746e-01,5.6748781364e-01,-1.6237669173e-01
7.0503373286e-01,5.6529184220e-01,-1.6670177840e-01
7.1571407720e-01,5.6344213668e-01,-1.6997508090e-01
7.2655621488e-01,5.6196409282e-01,-1.7223911271e-01
7.3756259685e-01,5.6080813792e-01,-1.7371049291e-01
7.4873571119e-01,5.5987698139e-01,-1.7470077024e-01
7.6007808369e-01,5.5905462135e-01,-1.7554119252e-01
7.7159227838e-01,5.5823073332e-01,-1.7652100194e-01
7.8328089815e-01,5.5731715446e-01,-1.7784595285e-01
7.9514658532e-01,5.5625605600e-01,-1.7962000094e-01
8.0719202221e-01,5.5502108751e-01,-1.8184898652e-01
8.1941993181e-01,5.5361332583e-01,-1.8446145497e-01
8.3183307835e-01,5.5205385258e-01,-1.8733933999e-01
8.4443426791e-01,5.5037472423e-01,-1.9035055826e-01
8.5722634911e-01,5.4861009885e-01,-1.9337661787e-01
8.7021221371e-01,5.4678914743e-01,-1.9633068081e-01
8.8339479727e-01,5.4493190196e-01,-1.9916443637e-01
8.9677707984e-01,5.4304839119e-01,-2.0186490608e-01
9.1036208658e-01,5.4114053162e-01,-2.0444433497e-01
9.2415288851e-01,5.3920558120e-01,-2.0692730626e-01
9.3815260317e-01,5.3723972787e-01,-2.0933909026e-01
9.5236439529e-01,5.3524059059e-01,-2.1169818422e-01
9.6679147759e-01,5.3320793259e-01,-2.1401436922e-01
9.8143711142e-01,5.3114254070e-01,-2.1629185086e-01
9.9630460757e-01,5.2904382926e-01,-2.1853559991e-01
1.0113973270e+00,5.2690713810e-01,-2.2075819894e-01
1.0267186814e+00,5.2472181180e-01,-2.2298448435e-01
1.0422721345e+00,5.2247094613e-01,-2.2525200174e-01
1.0580612021e+00,5.2013322432e-01,-2.2760654577e-01
1.0740894536e+00,5.1768667686e-01,-2.3009350098e-01
1.0903605123e+00,5.1511364821e-01,-2.3274697196e-01
1.1068780563e+00,5.1240587714e-01,-2.3557946390e-01
1.1236458197e+00,5.0956846596e-01,-2.3857494090e-01
1.1406675928e+00,5.0662163975e-01,-2.4168741006e-01
1.1579472237e+00,5.0359956264e-01,-2.4484591250e-01
1.1754886186e+00,5.0054604994e-01,-2.4796526400e-01
1.1932957427e+00,4.9750771880e-01,-2.5096047615e-01
1.2113726217e+00,4.9452581581e-01,-2.5376186159e-01
1.2297233418e+00,4.9162844421e-01,-2.5632760403e-01
1.2483520516e+00,4.8882498992e-01,-2.5865108642e-01
1.2672629620e+00,4.8610412362e-01,-2.6076137794e-01
1.2864603481e+00,4.8343592217e-01,-2.6271673047e-01
1.3059485497e+00,4.8077764927e-01,-2.6459242862e-01
1.3257319722e+00,4.7808186400e-01,-2.6646557423e-01
1.3458150878e+00,4.7530502082e-01,-2.6840010117e-01
1.3662024366e+00,4.7241467423e-01,-2.7043531913e-01
1.3868986271e+00,4.6939376056e-01,-2.7258052596e-01
1.4079083380e+00,4.6624108276e-01,-2.7481683739e-01
1.4292363187e+00,4.6296794447e-01,-2.7710567654e-01
1.4508873906e+00,4.5959174228e-01,-2.7940176454e-01
1.4728664481e+00,4.5612807776e-01,-2.8166736557e-01
1.4951784597e+00,4.5258340780e-01,-2.8388423436e-01
1.5178284693e+00,4.4895024332e-01,-2.8606025240e-01
1.5408215971e+00,4.4520636875e-01,-2.8822898045e-01
1.5641630409e+00,4.4131859618e-01,-2.9044201209e-01
1.5878580772e+00,4.3725044711e-01,-2.9275572722e-01
1.6119120625e+00,4.3297217826e-01,-2.9521544085e-01
1.6363304344e+00,4.2847096487e-01,-2.9784069108e-01
1.6611187128e+00,4.2375891830e-01,-3.0061529260e-01
1.6862825015e+00,4.1887692474e-01,-3.0348476966e-01
1.7118274889e+00,4.1389298582e-01,-3.0636209311e-01
1.7377594495e+00,4.0889475088e-01,-3.0914070571e-01
1.7640842457e+00,4.0397714278e-01,-3.1171215080e-01
1.7908078283e+00,3.9922718059e-01,-3.1398465092e-01
1.8179362385e+00,3.9470897278e-01,-3.1589891032e-01
1.8454756087e+00,3.9045206991e-01,-3.1743814999e-01
1.8734321647e+00,3.8644576064e-01,-3.1863064166e-01
1.9018122261e+00,3.8264058257e-01,-3.1954445775e-01
1.9306222085e+00,3.7895667522e-01,-3.2027553389e-01
1.9598686247e+00,3.7529711731e-01,-3.2093127807e-01
1.9895580861e+00,3.7156346566e-01,-3.2161272381e-01
2.0196973042e+00,3.6767051683e-01,-3.2239848303e-01
2.0502930923e+00,3.6355776278e-01,-3.2333340117e-01
2.0813523668e+00,3.5919587254e-01,-3.2442385346e-01
2.1128821490e+00,3.5458755218e-01,-3.2564022007e-01
2.1448895663e+00,3.4976313186e-01,-3.2692557025e-01
2.1773818544e+00,3.4477208920e-01,-3.2820836235e-01
2.2103663584e+00,3.3967235136e-01,-3.2941633171e-01
2.2438505347e+00,3.3451952237e-01,-3.3048880688e-01
2.2778419528e+00,3.2935806988e-01,-3.3138536385e-01
2.3123482967e+00,3.2421596827e-01,-3.3208974785e-01
2.3473773668e+00,3.1910344621e-01,-3.3260906789e-01
2.3829370818e+00,3.1401554373e-01,-3.3296916038e-01
2.4190354802e+00,3.0893739658e-01,-3.3320758159e-01
2.4556807224e+00,3.0385072049e-01,-3.3336588058e-01
2.4928810924e+00,2.9873993439e-01,-3.3348265171e-01
2.5306449996e+00,2.9359668350e-01,-3.3358845127e-01
2.5689809810e+00,2.8842206301e-01,-3.3370310143e-01
2.6078977026e+00,2.8322643868e-01,-3.3383533207e-01
2.6474039619e+00,2.7802727251e-01,-3.3398425239e-01
2.6875086897e+00,2.7284569805e-01,-3.3414188579e-01
2.7282209520e+00,2.6770271478e-01,-3.3429596946e-01
2.7695499521e+00,2.6261579461e-01,-3.3443237765e-01
2.8115050328e+00,2.5759646740e-01,-3.3453679761e-01
2.8540956785e+00,2.5264914977e-01,-3.3459557687e-01
2.8973315170e+00,2.4777118219e-01,-3.3459589454e-01
2.9412223223e+00,2.4295381147e-01,-3.3452554330e-01
2.9857780162e+00,2.3818373798e-01,-3.3437263267e-01
3.0310086710e+00,2.3344484605e-01,-3.3412545796e-01
3.0769245113e+00,2.2871982581e-01,-3.3377266070e-01
3.1235359170e+00,2.2399153156e-01,-3.3330367676e-01
3.1708534248e+00,2.1924405576e-01,-3.3270936517e-01
3.2188877314e+00,2.1446359014e-01,-3.3198265791e-01
3.2676496952e+00,2.0963917485e-01,-3.3111907336e-01
3.3171503394e+00,2.0476340624e-01,-3.3011698584e-01
3.3674008540e+00,1.9983310409e-01,-3.2897761695e-01
3.4184125985e+00,1.9484986194e-01,-3.2770478811e-01
3.4701971047e+00,1.8982035051e-01,-3.2630452393e-01
3.5227660788e+00,1.8475623530e-01,-3.2478461249e-01
3.5761314044e+00,1.7967361085e-01,-3.2315420982e-01
3.6303051454e+00,1.7459193446e-01,-3.2142353424e-01
3.6852995482e+00,1.6953254051e-01,-3.1960364631e-01
3.7411270446e+00,1.6451690464e-01,-3.1770627138e-01
3.7978002550e+00,1.5956488375e-01,-3.1574360298e-01
3.8553319909e+00,1.5469316900e-01,-3.1372803152e-01
3.9137352577e+00,1.4991415272e-01,-3.1167176839e-01
3.9730232581e+00,1.4523533889e-01,-3.0958637052e-01
4.0332093946e+00,1.4065933484e-01,-3.0748220438e-01
4.0943072729e+00,1.3618437225e-01,-3.0536791206e-01
4.1563307045e+00,1.3180523263e-01,-3.0324995106e-01
4.2192937105e+00,1.2751440954e-01,-3.0113227318e-01
4.2832105242e+00,1.2330332799e-01,-2.9901618975e-01
4.3480955945e+00,1.1916345987e-01,-2.9690044419e-01
4.4139635892e+00,1.1508721282e-01,-2.9478148534e-01
4.4808293984e+00,1.1106852058e-01,-2.9265390933e-01
4.5487081377e+00,1.0710311491e-01,-2.9051101893e-01
4.6176151516e+00,1.0318850576e-01,-2.8834543864e-01
4.6875660172e+00,9.9323731995e-02,-2.8614972261e-01
4.7585765475e+00,9.5508966824e-02,-2.8391689926e-01
4.8306627949e+00,9.1745069673e-02,-2.8164091021e-01
4.9038410553e+00,8.8033170067e-02,-2.7931691852e-01
4.9781278712e+00,8.4374350958e-02,-2.7694147990e-01
5.0535400357e+00,8.0769471933e-02,-2.7451258809e-01
5.1300945965e+00,7.7219140760e-02,-2.7202961932e-01
5.2078088593e+00,7.3723809693e-02,-2.6949320886e-01
5.2867003922e+00,7.0283946459e-02,-2.6690509542e-01
5.3667870292e+00,6.6900214146e-02,-2.6426796439e-01
5.4480868747e+00,6.3573593124e-02,-2.6158531194e-01
5.5306183071e+00,6.0305393110e-02,-2.5886133818e-01
5.6143999834e+00,5.7097132227e-02,-2.5610086440e-01
5.6994508431e+00,5.3950296832e-02,-2.5330925688e-01
5.7857901128e+00,5.0866032358e-02,-2.5049233355e-01
5.8734373102e+00,4.7844841988e-02,-2.4765622967e-01
5.9624122486e+00,4.4886378504e-02,-2.4480720598e-01
6.0527350417e+00,4.1989400687e-02,-2.4195139572e-01
6.1444261076e+00,3.9151930443e-02,-2.3909450277e-01
6.2375061740e+00,3.6371597184e-02,-2.3624147787e-01
6.3319962823e+00,3.3646103746e-02,-2.3339621075e-01
6.4279177930e+00,3.0973706840e-02,-2.3056127910e-01
6.5252923898e+00,2.8353587183e-02,-2.2773779067e-01
6.6241420851e+00,2.5785997625e-02,-2.2492534276e-01
6.7244892248e+00,2.3272122143e-02,-2.2212210633e-01
6.8263564932e+00,2.0813646775e-02,-2.1932502525e-01
6.9297669182e+00,1.8412120383e-02,-2.1653010682e-01
7.0347438768e+00,1.6068249667e-02,-2.1373277332e-01
7.1413110997e+00,1.3781310097e-02,-2.1092824374e-01
7.2494926775e+00,1.1548848797e-02,-2.0811192124e-01
7.3593130656e+00,9.3668027264e-03,-2.0527976931e-01
7.4707970898e+00,7.2300634804e-03,-2.0242866634e-01
7.5839699519e+00,5.1334079260e-03,-1.9955673057e-01
7.6988572358e+00,3.0726088335e-03,-1.9666360427e-01
7.8154849127e+00,1.0454703284e-03,-1.9375067841e-01
7.9338793472e+00,-9.4747808063e-04,-1.9082122859e-01
8.0540673034e+00,-2.9028384578e-03,-1.8788042475e-01
8.1760759509e+00,-4.8148452585e-03,-1.8493517448e-01
8.2999328708e+00,-6.6764509108e-03,-1.8199376938e-01
8.4256660620e+00,-8.4807862401e-03,-1.7906532797e-01
8.5533039476e+00,-1.0222675325e-02,-1.7615906438e-01
8.6828753811e+00,-1.1899845639e-02,-1.7328345268e-01
8.8144096534e+00,-1.3513522258e-02,-1.7044539015e-01
8.9479364989e+00,-1.5068223350e-02,-1.6764947755e-01
9.0834861025e+00,-1.6570756991e-02,-1.6489752559e-01
9.2210891064e+00,-1.8028616157e-02,-1.6218836453e-01
9.3607766168e+00,-1.9448133594e-02,-1.5951798535e-01
9.5025802114e+00,-2.0832849519e-02,-1.5687998676e-01
9.6465319461e+00,-2.2182533862e-02,-1.5426625112e-01
9.7926643624e+00,-2.3493182716e-02,-1.5166773605e-01
9.9410104948e+00,-2.4758092270e-02,-1.4907525449e-01
1.0091603878e+01,-2.5969844434e-02,-1.4648013345e-01
1.0244478556e+01,-2.7122778145e-02,-1.4387468877e-01
1.0399669085e+01,-2.8215337672e-02,-1.4125252025e-01
1.0557210550e+01,-2.9251643074e-02,-1.3860869396e-01
1.0717138563e+01,-3.0241749325e-02,-1.3593991276e-01
1.0879489278e+01,-3.1200339569e-02,-1.3324476616e-01
1.1044299394e+01,-3.2143980382e-02,-1.3052409957e-01
1.1211606170e+01,-3.3087463471e-02,-1.2778146986e-01
1.1381447426e+01,-3.4040063999e-02,-1.2502358036e-01
1.1553861556e+01,-3.5002667960e-02,-1.2226052914e-01
1.1728887536e+01,-3.5966606380e-02,-1.1950566659e-01
1.1906564932e+01,-3.6914689358e-02,-1.1677485572e-01
1.2086933909e+01,-3.7824428812e-02,-1.1408498388e-01
1.2270035242e+01,-3.8672894346e-02,-1.1145171672e-01
1.2455910322e+01,-3.9442196407e-02,-1.0888671215e-01
1.2644601168e+01,-4.0124345202e-02,-1.0639477170e-01
1.2836150435e+01,-4.0724250614e-02,-1.0397159812e-01
1.3030601424e+01,-4.1259909421e-02,-1.0160284815e-01
1.3227998093e+01,-4.1759334249e-02,-9.9264974672e-02
1.3428385065e+01,-4.2254456063e-02,-9.6927993286e-02
1.3631807638e+01,-4.2772994174e-02,-9.4559899832e-02
1.3838311800e+01,-4.3329997733e-02,-9.2132113968e-02
1.4047944231e+01,-4.3921215315e-02,-8.9625064067e-02
1.4260752320e+01,-4.4520411223e-02,-8.7032833935e-02
1.4476784176e+01,-4.5082061683e-02,-8.4365670985e-02
1.4696088633e+01,-4.5549581102e-02,-8.1649240677e-02
1.4918715267e+01,-4.5867672989e-02,-7.8920019254e-02
1.5144714406e+01,-4.5996090684e-02,-7.6217241734e-02
1.5374137137e+01,-4.5921505342e-02,-7.3573117503e-02
1.5607035325e+01,-4.5664483220e-02,-7.1003999636e-02
1.5843461618e+01,-4.5279566727e-02,-6.8505233118e-02
1.6083469461e+01,-4.4847760974e-02,-6.6051335364e-02
1.6327113111e+01,-4.4462107937e-02,-6.3601466678e-02
1.6574447646e+01,-4.4208456110e-02,-6.1108723133e-02
1.6825528977e+01,-4.4144969718e-02,-5.8531304140e-02
1.7080413864e+01,-4.4285052867e-02,-5.5843958257e-02
1.7339159926e+01,-4.4588576970e-02,-5.3048404672e-02
1.7601825654e+01,-4.4964977131e-02,-5.0180775049e-02
1.7868470426e+01,-4.5288770357e-02,-4.7312689997e-02
1.8139154520e+01,-4.5424118448e-02,-4.4541941925e-02
1.8413939126e+01,-4.5252000103e-02,-4.1970800438e-02
1.8692886361e+01,-4.4693282107e-02,-3.9675029667e-02
1.8976059284e+01,-4.3723735786e-02,-3.7672612112e-02
1.9263521909e+01,-4.2380405288e-02,-3.5904289343e-02
1.9555339219e+01,-4.0759356568e-02,-3.4235699175e-02
1.9851577182e+01,-3.9002256089e-02,-3.2483243476e-02
2.0152302765e+01,-3.7267619379e-02,-3.0456279573e-02
2.0457583949e+01,-3.5687211650e-02,-2.8002444174e-02
2.0767489746e+01,-3.4319073541e-02,-2.5045087970e-02
2.1082090214e+01,-3.3118795598e-02,-2.1609474806e-02
2.1401456469e+01,-3.1950477910e-02,-1.7838368119e-02
2.1725660707e+01,-3.0643383676e-02,-1.3991635548e-02
2.2054776219e+01,-2.9073453727e-02,-1.0416335751e-02
2.2388877402e+01,-2.7225399557e-02,-7.4804820182e-03
2.2728039784e+01,-2.5192480131e-02,-5.4887115524e-03
2.3072340035e+01,-2.3105871995e-02,-4.6174153122e-03
2.3421855988e+01,-2.1031581627e-02,-4.8931808917e-03
2.3776666652e+01,-1.8894647254e-02,-6.2004836494e-03
2.4136852237e+01,-1.6477625506e-02,-8.2848385228e-03
2.4502494165e+01,-1.3509530870e-02,-1.0743877448e-02
2.4873675092e+01,-9.8209860547e-03,-1.3048622518e-02
2.5250478929e+01,-5.4902293307e-03,-1.4650908330e-02
2.5632990853e+01,-8.7541439514e-04,-1.5169566966e-02
2.6021297336e+01,3.5183828293e-03,-1.4551627380e-02
2.6415486157e+01,7.2637293235e-03,-1.3088377163e-02
2.6815646426e+01,1.0175090825e-02,-1.1272651348e-02
2.7221868603e+01,1.2318812678e-02,-9.6043648590e-03
2.7634244517e+01,1.3900689671e-02,-8.4608474720e-03
2.8052867391e+01,1.5128951382e-02,-8.0634555067e-03
2.8477831857e+01,1.6127026964e-02,-8.4986427154e-03
2.8909233982e+01,1.6916874439e-02,-9.7449063386e-03
2.9347171288e+01,1.7457215449e-02,-1.1690450427e-02
2.9791742775e+01,1.7705042300e-02,-1.4153364186e-02
3.0243048942e+01,1.7665672326e-02,-1.6915847849e-02
3.0701191811e+01,1.7407147522e-02,-1.9766912329e-02
3.1166274948e+01,1.7036596463e-02,-2.2536662162e-02
3.1638403490e+01,1.6656309820e-02,-2.5110624028e-02
3.2117684166e+01,1.6323689112e-02,-2.7426101418e-02
3.2604225321e+01,1.6032008438e-02,-2.9460203219e-02
3.3098136941e+01,1.5716450875e-02,-3.1216987440e-02
3.3599530681e+01,1.5279457858e-02,-3.2715453967e-02
3.4108519883e+01,1.4624077838e-02,-3.3977863861e-02
3.4625219611e+01,1.3683838451e-02,-3.5019792300e-02
3.5149746667e+01,1.2441140897e-02,-3.5845388066e-02
3.5682219627e+01,1.0930959814e-02,-3.6450147595e-02
3.6222758859e+01,9.2309553417e-03,-3.6829645202e-02
3.6771486558e+01,7.4423098133e-03,-3.6989300810e-02
3.7328526768e+01,5.6674328334e-03,-3.6950004528e-02
3.7894005413e+01,3.9907155180e-03,-3.6747189975e-02
3.8468050324e+01,2.4666519020e-03,-3.6424553871e-02
3.9050791269e+01,1.1166829766e-03,-3.6025770280e-02
3.9642359982e+01,-6.6589458837e-05,-3.5587469613e-02
4.0242890191e+01,-1.1106529173e-03,-3.5135234520e-02
4.0852517653e+01,-2.0527903935e-03,-3.4682713435e-02
4.1471380178e+01,-2.9305855571e-03,-3.4232998329e-02
4.2099617665e+01,-3.7746921020e-03,-3.3781239544e-02
4.2737372133e+01,-4.6045518891e-03,-3.3317715382e-02
4.3384787753e+01,-5.4271390726e-03,-3.2830855798e-02
4.4042010877e+01,-6.2383390405e-03,-3.2309871025e-02
4.4709190077e+01,-7.0262155945e-03,-3.1746699382e-02
4.5386476175e+01,-7.7751999623e-03,-3.1137078463e-02
4.6074022276e+01,-8.4701995398e-03,-3.0480715115e-02
4.6771983807e+01,-9.0997957225e-03,-2.9780735804e-02
4.7480518547e+01,-9.6580384469e-03,-2.9042743596e-02
4.8199786668e+01,-1.0144750338e-02,-2.8273824693e-02
4.8929950765e+01,-1.0564608210e-02,-2.7481745152e-02
4.9671175899e+01,-1.0925487370e-02,-2.6674424164e-02
5.0423629630e+01,-1.1236605475e-02,-2.5859640027e-02
5.1187482057e+01,-1.1506912235e-02,-2.5044860663e-02
5.1962905854e+01,-1.1743996791e-02,-2.4237092287e-02
5.2750076314e+01,-1.1953591135e-02,-2.3442681359e-02
5.3549171383e+01,-1.2139588794e-02,-2.2667057505e-02
5.4360371704e+01,-1.2304403073e-02,-2.1914448899e-02
5.5183860654e+01,-1.2449463937e-02,-2.1187628036e-02
5.6019824391e+01,-1.2575683002e-02,-2.0487752697e-02
5.6868451892e+01,-1.2683778341e-02,-1.9814355435e-02
5.7729934997e+01,-1.2774420709e-02,-1.9165508816e-02
5.8604468450e+01,-1.2848222369e-02,-1.8538159385e-02
5.9492249948e+01,-1.2905629052e-02,-1.7928589092e-02
6.0393480181e+01,-1.2946791683e-02,-1.7332936606e-02
6.1308362880e+01,-1.2971489244e-02,-1.6747698560e-02
6.2237104863e+01,-1.2979151669e-02,-1.6170134528e-02
6.3179916079e+01,-1.2968998554e-02,-1.5598518516e-02
6.4137009659e+01,-1.2940273663e-02,-1.5032209861e-02
6.5108601963e+01,-1.2892525547e-02,-1.4471551438e-02
6.6094912627e+01,-1.2825868552e-02,-1.3917635549e-02
6.7096164614e+01,-1.2741160151e-02,-1.3372000500e-02
6.8112584268e+01,-1.2640048771e-02,-1.2836328372e-02
6.9144401358e+01,-1.2524875783e-02,-1.2312205474e-02
7.0191849135e+01,-1.2398447698e-02,-1.1800984293e-02
7.1255164384e+01,-1.2263722049e-02,-1.1303756127e-02
7.2334587476e+01,-1.2123467056e-02,-1.0821414790e-02
7.3430362425e+01,-1.1979958426e-02,-1.0354770614e-02
7.4542736939e+01,-1.1834766985e-02,-9.9046642185e-03
7.5671962481e+01,-1.1688671131e-02,-9.4720319990e-03
7.6818294322e+01,-1.1541702925e-02,-9.0578884116e-03
7.7981991600e+01,-1.1393311185e-02,-8.6632110824e-03
7.9163317378e+01,-1.1242604494e-02,-8.2887399218e-03
8.0362538706e+01,-1.1088625179e-02,-7.9347263603e-03
8.1579926678e+01,-1.0930603628e-02,-7.6006883855e-03
8.2815756494e+01,-1.0768149436e-02,-7.2852359434e-03
8.4070307526e+01,-1.0601349282e-02,-6.9860255499e-03
8.5343863374e+01,-1.0430758043e-02,-6.6998818203e-03
8.6636711938e+01,-1.0257287663e-02,-6.4230903887e-03
8.7949145476e+01,-1.0082016821e-02,-6.1518285204e-03
8.9281460676e+01,-9.9059617528e-03,-5.8826656800e-03
9.0633958719e+01,-9.7298612816e-03,-5.6130447213e-03
9.2006945349e+01,-9.5540314735e-03,-5.3416504676e-03
9.3400730941e+01,-9.3783328532e-03,-5.0685875025e-03
9.4815630572e+01,-9.2022653618e-03,-4.7953206790e-03
9.6251964093e+01,-9.0251700823e-03,-4.5243753618e-03
9.7710056200e+01,-8.8464842121e-03,-4.2588427471e-03
9.9190236506e+01,-8.6659791859e-03,-4.0017796633e-03
1.0069283962e+02,-8.4839173620e-03,-3.7556214469e-03
1.0221820522e+02,-8.3010870040e-03,-3.5217314180e-03
1.0376667812e+02,-8.1187078739e-03,-3.3001868000e-03
1.0533860837e+02,-7.9382292005e-03,-3.0898522325e-03
1.0693435132e+02,-7.7610618858e-03,-2.8887294917e-03
1.0855426771e+02,-7.5882977020e-03,-2.6945105471e-03
1.1019872372e+02,-7.4204725093e-03,-2.5052142800e-03
1.1186809110e+02,-7.2574277381e-03,-2.3197637548e-03
1.1356274722e+02,-7.0983100678e-03,-2.1383642047e-03
1.1528307519e+02,-6.9417196068e-03,-1.9625717950e-03
1.1702946388e+02,-6.7859763086e-03,-1.7949982009e-03
1.1880230809e+02,-6.6294379522e-03,-1.6386720365e-03
1.2060200859e+02,-6.4707895834e-03,-1.4961649115e-03
1.2242897221e+02,-6.3092425687e-03,-1.3686681812e-03
1.2428361196e+02,-6.1446198449e-03,-1.2552515691e-03
1.2616634708e+02,-5.9773358874e-03,-1.1525258617e-03
1.2807760319e+02,-5.8082845684e-03,-1.0548619069e-03
1.3001781235e+02,-5.6386320993e-03,-9.5519924112e-04
1.3198741315e+02,-5.4695103710e-03,-8.4633880599e-04
1.3398685085e+02,-5.3016520953e-03,-7.2249236415e-04
1.3601657743e+02,-5.1350963272e-03,-5.8078684506e-04
1.3807705172e+02,-4.9691586008e-03,-4.2240582571e-04
1.4016873952e+02,-4.8028190792e-03,-2.5308668651e-04
1.4229211368e+02,-4.6354969870e-03,-8.2778849796e-05
1.4444765419e+02,-4.4679166119e-03,7.5579444236e-05
1.4663584833e+02,-4.3025916371e-03,2.0798948934e-04
1.4885719077e+02,-4.1435236659e-03,3.0162746525e-04
1.5111218367e+02,-3.9950588882e-03,3.4689027548e-04
1.5340133677e+02,-3.8603117848e-03,3.3886655161e-04
1.5572516756e+02,-3.7398773636e-03,2.7810027644e-04
1.5808420137e+02,-3.6315140374e-03,1.7071250515e-04
1.6047897148e+02,-3.5310776775e-03,2.7948962490e-05
1.6291001924e+02,-3.4343952735e-03,-1.3489840224e-04
1.6537789421e+02,-3.3392602097e-03,-3.0026055150e-04
1.6788315428e+02,-3.2465894084e-03,-4.5058830827e-04
1.7042636578e+02,-3.1601387123e-03,-5.7069220637e-04
1.7300810363e+02,-3.0848750024e-03,-6.4953340029e-04
1.7562895145e+02,-3.0247592068e-03,-6.8112775138e-04
1.7828950170e+02,-2.9809391233e-03,-6.6464389865e-04
1.8099035584e+02,-2.9510998058e-03,-6.0401174757e-04
1.8373212440e+02,-2.9301626173e-03,-5.0726114259e-04
1.8651542719e+02,-2.9119441125e-03,-3.8556004901e-04
1.8934089340e+02,-2.8910184562e-03,-2.5181995733e-04
1.9220916175e+02,-2.8640150949e-03,-1.1890736096e-04
1.9512088063e+02,-2.8299262699e-03,2.2126178838e-06
1.9807670827e+02,-2.7895097288e-03,1.0393243316e-04
2.0107731286e+02,-2.7442612547e-03,1.8270663163e-04
2.0412337270e+02,-2.6955041857e-03,2.3892150272e-04
2.0721557639e+02,-2.6439261872e-03,2.7608475314e-04
2.1035462295e+02,-2.5895802910e-03,2.9960576527e-04
2.1354122197e+02,-2.5321539346e-03,3.1545252258e-04
2.1677609383e+02,-2.4712755932e-03,3.2894077641e-04
2.2005996980e+02,-2.4067249654e-03,3.4385699993e-04
2.2339359221e+02,-2.3385319914e-03,3.6203645870e-04
2.2677771467e+02,-2.2670102172e-03,3.8341603490e-04
2.3021310219e+02,-2.1927590140e-03,4.0648023499e-04
2.3370053135e+02,-2.1166303788e-03,4.2894419681e-04
2.3724079054e+02,-2.0396394292e-03,4.4848671881e-04
2.4083468005e+02,-1.9628191708e-03,4.6336343033e-04
2.4448301231e+02,-1.8870574616e-03,4.7278571872e-04
2.4818661206e+02,-1.8129733289e-03,4.7702421793e-04
2.5194631654e+02,-1.7408748657e-03,4.7726293706e-04
2.5576297565e+02,-1.6708032347e-03,4.7527575526e-04
2.5963745218e+02,-1.6026325488e-03,4.7301772318e-04
2.6357062199e+02,-1.5361830240e-03,4.7222403074e-04
2.6756337421e+02,-1.4713158543e-03,4.7409516252e-04
2.7161661144e+02,-1.4079986825e-03,4.7912151950e-04
2.7573124994e+02,-1.3463439258e-03,4.8706844342e-04
2.7990821986e+02,-1.2866219835e-03,4.9710860414e-04
2.8414846544e+02,-1.2292436236e-03,5.0805967259e-04
2.8845294524e+02,-1.1747025718e-03,5.1866715729e-04
2.9282263230e+02,-1.1234778972e-03,5.2786912717e-04
2.9725851445e+02,-1.0759131159e-03,5.3499128370e-04
3.0176159444e+02,-1.0321042372e-03,5.3984253522e-04
3.0633289023e+02,-9.9183201326e-04,5.4270454515e-04
3.1097343522e+02,-9.5456199406e-04,5.4422645264e-04
3.1568427842e+02,-9.1951601827e-04,5.4524625752e-04
3.2046648478e+02,-8.8580081595e-04,5.4656680116e-04
3.2532113535e+02,-8.5257063644e-04,5.4872140341e-04
3.3024932755e+02,-8.1920080550e-04,5.5177239848e-04
3.3525217547e+02,-7.8545050575e-04,5.5518960748e-04
3.4033081002e+02,-7.5158806144e-04,5.5784706024e-04
3.4548637929e+02,-7.1844062604e-04,5.5815016835e-04
3.5072004872e+02,-6.8732390487e-04,5.5426666658e-04
3.5603300144e+02,-6.5982248918e-04,5.4439949424e-04
3.6142643849e+02,-6.3743391462e-04,5.2703053694e-04
3.6690157910e+02,-6.2114678007e-04,5.0109277752e-04
3.7245966096e+02,-6.1106882200e-04,4.6608118386e-04
3.7810194054e+02,-6.0623217514e-04,4.2215195886e-04
3.8382969332e+02,-6.0467231928e-04,3.7024904697e-04
3.8964421411e+02,-6.0380789839e-04,3.1223326515e-04
3.9554681733e+02,-6.0105048329e-04,2.5091665401e-04
4.0153883731e+02,-5.9447102575e-04,1.8988823050e-04
4.0762162860e+02,-5.8329162859e-04,1.3309305464e-04
4.1379656628e+02,-5.6800893100e-04,8.4259041302e-05
4.2006504622e+02,-5.5009442234e-04,4.6362575586e-05
4.2642848549e+02,-5.3139100890e-04,2.1307417520e-05
4.3288832260e+02,-5.1343746066e-04,9.8695867578e-06
4.3944601783e+02,-4.9695228653e-04,1.1822917042e-05
4.4610305362e+02,-4.8162285956e-04,2.6100532981e-05
4.5286093485e+02,-4.6623677723e-04,5.0895515990e-05
4.5972118919e+02,-4.4909965401e-04,8.3712244911e-05
4.6668536746e+02,-4.2861024837e-04,1.2146662147e-04
4.7375504398e+02,-4.0381142185e-04,1.6073601729e-04
4.8093181690e+02,-3.7472925716e-04,1.9817324018e-04
4.8821730861e+02,-3.4238154579e-04,2.3098197316e-04
4.9561316604e+02,-3.0846807965e-04,2.5728868877e-04
5.0312106110e+02,-2.7488350675e-04,2.7628387720e-04
5.1074269100e+02,-2.4324713157e-04,2.8811384985e-04
5.1847977869e+02,-2.1460227784e-04,2.9360668589e-04
5.2633407319e+02,-1.8934102836e-04,2.9395365124e-04
5.3430735005e+02,-1.6731890045e-04,2.9043888705e-04
5.4240141168e+02,-1.4807535245e-04,2.8425491475e-04
5.5061808782e+02,-1.3107228687e-04,2.7639944766e-04
5.5895923592e+02,-1.1588663659e-04,2.6763411159e-04
5.6742674157e+02,-1.0232524556e-04,2.5848805783e-04
5.7602251892e+02,-9.0457409521e-05,2.4929300649e-04
5.8474851112e+02,-8.0577318860e-05,2.4023355416e-04
5.9360669076e+02,-7.3116130453e-05,2.3139176939e-04
6.0259906030e+02,-6.8524822446e-05,2.2276726217e-04
6.1172765254e+02,-6.7146789930e-05,2.1426814588e-04
6.2099453109e+02,-6.9095182433e-05,2.0569079986e-04
6.3040179081e+02,-7.4148270905e-05,1.9672536918e-04
6.3995155827e+02,-8.1681805230e-05,1.8702518756e-04
6.4964599229e+02,-9.0668815254e-05,1.7635199239e-04
6.5948728439e+02,-9.9779416229e-05,1.6475841512e-04
6.6947765926e+02,-1.0758544973e-04,1.5271927192e-04
6.7961937533e+02,-1.1281776789e-04,1.4111373167e-04
6.8991472520e+02,-1.1457721922e-04,1.3101714732e-04
7.0036603624e+02,-1.1241669388e-04,1.2336075763e-04
7.1097567106e+02,-1.0629697448e-04,1.1859503653e-04
7.2174602804e+02,-9.6507338114e-05,1.1650003790e-04
7.3267954193e+02,-8.3648823611e-05,1.1623164968e-04
7.4377868434e+02,-6.8687397483e-05,1.1661044241e-04
7.5504596433e+02,-5.2975347909e-05,1.1656563241e-04
7.6648392895e+02,-3.8125546841e-05,1.1555765347e-04
7.7809516387e+02,-2.5741219628e-05,1.1377933615e-04
7.8988229391e+02,-1.7152578328e-05,1.1203529559e-04
8.0184798363e+02,-1.3338201101e-05,1.1137313113e-04
8.1399493800e+02,-1.5076993298e-05,1.1264879169e-04
8.2632590293e+02,-2.3207838414e-05,1.1618075709e-04
8.3884366594e+02,-3.8810357969e-05,1.2156620660e-04
8.5155105680e+02,-6.3203462876e-05,1.2772072800e-04
8.6445094810e+02,-9.7847219649e-05,1.3327140982e-04
8.7754625597e+02,-1.4443165281e-04,1.3747744341e-04
8.9083994074e+02,-2.0545218269e-04,1.4182399987e-04
9.0433500755e+02,-2.8513716712e-04,1.5248560391e-04
9.1803450707e+02,-3.8948389237e-04,1.8409179843e-04
9.3194153620e+02,-5.2234395204e-04,2.6488023808e-04
9.4605923874e+02,-6.7305118435e-04,4.4002567440e-04
9.6039080611e+02,-7.9508891819e-04,7.6199403825e-04
9.7493947809e+02,-7.9350422364e-04,1.2528265347e-03
9.8970854354e+02,-5.6261443270e-04,1.8489138083e-03
1.0047013411e+03,-9.1035205427e-05,2.3946132511e-03
1.0199212601e+03,4.5057018757e-04,2.7410205933e-03
1.0353717411e+03,7.6469109740e-04,2.8571295567e-03
1.0510562767e+03,6.0876793770e-04,2.7779053415e-03
1.0669784127e+03,-1.8680364539e-05,2.4303359621e-03
1.0831417483e+03,-7.5732792044e-04,1.6555331797e-03
1.0995499375e+03,-1.0263670536e-03,5.8517874692e-04
1.1162066894e+03,-6.3015255642e-04,-1.9124749137e-04
1.1331157694e+03,-9.3806474451e-05,-2.9922834200e-04
1.1502810000e+03,8.9925904353e-05,-9.0198962247e-05
